0WqIKmW4BTrj3eJFmnCKMv,Beyoncé,Crazy In Love,0
1lzr43nnXAijIGYnCT8M8H,Shaggy,It Wasn't Me,0
68vgtRHr7iZHpzGpon6Jlo,Usher,My Boo,0
2gam98EZKrF9XuOkU13ApN,Nelly Furtado,Promiscuous,0
7k6IzwMGpxnRghE7YosnXT,Cassie,Me & U,0
4omisSlTk6Dsq2iQD7MA07,Avril Lavigne,Sk8er Boi,0
0uqPG793dkDDN7sCUJJIVC,The Black Eyed Peas,Where Is The Love?,0
1TfAhjzRBWzYZ8IdUV3igl,Jonas Brothers,Year 3000,0
7oK9VyNzrYvRFo7nQEYkWN,The Killers,Mr. Brightside,0
12qZHAeOyTf93YAWvGDTat,blink-182,All The Small Things,0
5y69gQtK33qxb8a24ACkCy,Vanessa Carlton,A Thousand Miles,0
2HHtWyy5CgaQbC7XSoOb0e,Survivor,Eye of the Tiger,0
1dv3ePjze9tPq2pk8eWJdR,The Rolling Stones,Gimme Shelter,0
4CJVkjo5WpmUAKp3R44LNb,Lynyrd Skynyrd,Sweet Home Alabama,0
6a5xI87SEuxoeX6riFYEjM,Wet,It's All in Vain,0
6qspW4YKycviDFjHBOaqUY,TLC,Waterfalls,0
3Z9PJ6xiEGmcqo2hESEB5n,The Verve,Bitter Sweet Symphony,0
3XVozq1aeqsJwpXrEZrDJ9,Vanilla Ice,Ice Ice Baby,0
3zByVQLvdXUaDTubfWkpCk,Neil Diamond,Sweet Caroline,0
7mitXLIMCflkhZiD34uEQI,LMFAO,Party Rock Anthem,0
6qn9YLKt13AGvpq9jfO8py,Rihanna,We Found Love,0
0VZ9xPNa6ROafP6GYYuv2S,Train,Marry Me,0
1oHNvJVbFkexQc0BpQp7Y4,Nicki Minaj,Starships,0
6SKwQghsR8AISlxhcwyA9R,Bruno Mars,Marry You,0
754kgU5rWscRTfvlsuEwFp,Sixpence None The Richer,Kiss Me,0
5GorFaKkP2mLREQvhSblIg,K-Ci & JoJo,All My Life,0
1SLikaDhWhhhnLJC58bkFI,Rascal Flatts,Life Is A Highway,0
4YjjNHtEsTX6Af4mCTupT5,Rascal Flatts,Bless The Broken Road,0
2CAK2t1reUgPK6OMgAMURB,Tiësto,Wasted,0
3bC1ahPIYt1btJzSSEyyrF,Flo Rida,Whistle,0
2LEF1A8DOZ9wRYikWgVlZ8,Flo Rida,Good Feeling,0
3TZwjdclvWt7iPJUnMpgcs,House Of Pain,Jump Around,0
5HuqzFfq2ulY1iBAW5CxLe,Clean Bandit,Rather Be (feat. Jess Glynne),0
3bidbhpOYeV4knp8AIu8Xn,Macklemore & Ryan Lewis,Can't Hold Us - feat. Ray Dalton,0
4g3Ax56IslQkI6XVfYKVc5,Tame Impala,The Less I Know The Better,0
4VrWlk8IQxevMvERoX08iC,Sia,Chandelier,0
3cdcT7I1xnQqQ84zMCtrKU,Flume,Hyperreal,0
33wIYOxUVvm1AahfX3e5aC,Elliot Moss,Closedloop,0
3kxfsdsCpFgN412fpnW85Y,Childish Gambino,Redbone,0
1BltsyC5W3SAABdxyrDXwi,Disclosure,Latch,0
5xoUgPXbMNUmoHU0Enwtwq,The Kooks,She Moves In Her Own Way,0
3omXshBamrREltcf24gYDC,Cold War Kids,First,0
5LlsD7LdSMkGV4Iu0a2Zq0,Kings of Leon,Waste A Moment,0
2kP1ujXHn0mNqFbiT3zob8,Florence + The Machine,What Kind Of Man,0
3dEFa9KjOLEZl980ctEEv1,Florence + The Machine,Ship To Wreck,0
5cm47Nc1MWBVIkRFaXxvHY,Kings of Leon,Reverend,0
6mORGLOz79w6VsCRLWYYuK,Lord Huron,The Night We Met,0
6QgjcU0zLnzq5OrUoSZ3OK,Portugal. The Man,Feel It Still,0
4iEOVEULZRvmzYSZY2ViKN,alt-J,Left Hand Free,0
5dKBaysNJtfpyNTRa5lqDb,Vampire Weekend,A-Punk,0
1YLJVmuzeM2YSUkCCaTNUB,Florence + The Machine,Dog Days Are Over,0
2Tuc96S4JToUiQSLW3aMec,Kesha,Rainbow,0
08zJpaUQVi9FrKv2e32Bah,Jeremih,Planez,0
3NJG6vMH1ZsectZkocMEm0,Desiigner,Tiimmy Turner,0
7KOlJ92bu51cltsD9KU5I7,Migos,T-Shirt,0
2bjwRfXMk4uRgOD9IBYl9h,Drake,Portland,0
29gsi1zZrZxdStACmTQB0Z,ScHoolboy Q,Studio,0
16qYlQ6koFxYVbiJbGHblz,J. Cole,G.O.M.D.,0
4w7yrP4RAeeyhfG9nJqQvS,Big Sean,I Don't Fuck With You,0
1f5cbQtDrykjarZVrShaDI,A Boogie Wit da Hoodie,Drowning (feat. Kodak Black),0
439TlnnznSiBbQbgXiBqAd,Kendrick Lamar,m.A.A.d city,0
4Hj5yNHgu2dyrnzRQN7Gld,Aminé,Yellow,0
2771LMNxwf62FTAdpJMQfM,Cardi B,Bodak Yellow,0
7bsnTsbiwOymZWjPF9v6Di,Macklemore,Marmalade (feat. Lil Yachty),0
5yuShbu70mtHXY0yLzCQLQ,Post Malone,Go Flex,0
5mB1bWU8VueYVxuvcLPn2B,Russ,Do It Myself,0
34oWbFBfGEElvgO0a5c9V4,Kodak Black,No Flockin,0
0NBiC3zLXoBQXBjsbnbwJq,Lil Dicky,Molly (feat. Brendon Urie of Panic at the Disco),0
3muBQDekYAg7jm6hDu6R0Z,Tee Grizzley,First Day Out,0
6LxSe8YmdPxy095Ux6znaQ,Drake,Headlines,0
5uIeRAC9O1ZXPQEEqpPVLL,Spoon,I Turn My Camera On,0
5hJFhO9dvhJoDvUZZ9iWSw,Miguel,Adorn,0
0bXpmJyHHYPk6QBFj25bYF,The xx,Intro,0
2WMRd3xAb9FwXopCRNWDq1,SBTRKT,Wildfire,0
0UPsdEgJx6ypkfFUxD3ZHh,Phantogram,Don't Move,0
6vECYJHxYmm3Ydt3fF01pE,Milky Chance,Stolen Dance,0
0odHj0qIf86vHBsXB30IkZ,Wiz Khalifa,So High (feat. Ghost Loft),0
0zMzyHAeMvwq5CRstru1Fp,Ruth B.,Lost Boy,0
2QgNcjwEn0vGmTommfszQd,Oh Wonder,Lose It,0
5hwh37sTi84MVhCBMWzhGE,Ruth B.,Superficial Love,0
5wTMQjEx9LWeFwLjolPCUy,blink-182,What's My Age Again?,0
6Qyc6fS4DsZjB2mRW9DsQs,The Goo Goo Dolls,Iris,0
1LzNfuep1bnAUR9skqdHCK,Mazzy Star,Fade Into You,0
5ghIJDpPoe3CfHMGu71E6T,Nirvana,Smells Like Teen Spirit,0
42et6fnHCw1HIPSrdPprMl,Third Eye Blind,Semi-Charmed Life,0
3354J49VpkbZJho7Ztdzpw,Third Eye Blind,Jumper - 1998 Edit,0
4KoNBTm9a55KgLMtEaf3n6,Tonic,If You Could Only See,0
4ocbH5ZJqajZIpUrqRUoue,Train,Meet Virginia,0
1FejelrM94Ik1mlI64Ofpb,Sylvan Esso,Coffee,0
4u8031pTkTODbRaDCbx8Yv,Thundercat,Them Changes,0
0gbBzIqrECJOEPvQJIBFs5,Lorde,Green Light,0
4xyNG8vZR3g8FnphVkbjRo,Lana Del Rey,Love,0
2ZWlPOoWh0626oTaHrnl2a,Frank Ocean,Ivy,0
1b8Zlu3aMVxEbyeospYPrK,Fleet Foxes,Helplessness Blues,0
5Ohxk2dO5COHF1krpoPigN,Harry Styles,Sign of the Times,0
0j6YwWZVHsIFKr5FDEu68o,Hozier,Jackie And Wilson,0
7nqhFb3g7ZtzOEV2QwvyBI,Aloe Blacc,I Need a Dollar,0
3uhBIQ7tv8j1FME8cFGEfG,John Legend,All of Me,0
4rHZZAmHpZrA3iH5zx8frV,Justin Timberlake,Mirrors,0
5g7sDjBhZ4I3gcFIpkrLuI,Bruno Mars,Locked Out Of Heaven,0
32OlwWuMpZ6b0aN2RZOeMS,Mark Ronson,Uptown Funk,0
58jx3tTuDuzHysC77c0AQd,Jess Glynne,Hold My Hand,0
53Pgsvu3qSYO2aXt5J2vcL,Ed Sheeran,Lego House,0
3V3iy4K6paycRmTyrjQVwi,Mary Lambert,Secrets,0
4G2Hbfwvn3oH7LxxPXjjGn,Bruno Mars,Treasure,0
2iUmqdfGZcHIhS3b9E9EWq,Neon Trees,Everybody Talks,0
3e0yTP5trHBBVvV32jwXqF,WALK THE MOON,Anna Sun,0
2aFiaMXmWsM3Vj72F9ksBl,DNCE,Cake By The Ocean,0
6rbhWExtuchhpLC5fHnB8n,Kelly Rowland,Motivation,0
0JXXNGljqupsJaZsgSbMZV,Miguel,Sure Thing,0
2aksifNn5ph8igDOkPBA02,Rihanna,Love On The Brain,0
2CvOqDpQIMw69cCzWqr5yr,Beyoncé,Halo,0
69hwHdKl4Y1HusAutt3W6q,Savage Garden,Truly Madly Deeply,0
1PSBzsahR2AKwLJgx8ehBj,Machine Gun Kelly,Bad Things (with Camila Cabello),0
5IZc3KIVFhjzJ0L2kiXzUl,Kid Ink,Promise,0
7ID2dydg1QFuWObmdhwzfm,The Weeknd,Earned It (Fifty Shades Of Grey),0
3xMQOd1C3TXsjQ3pmzOmkC,The Black Keys,Weight of Love,0
0Dc7J9VPV4eOInoxUiZrsL,Jeremih,Don't Tell 'Em,0
7seTcUFOhn5caSDbiSfsp0,Ne-Yo,She Knows,0
5XzmZjXhMjDHr7ZfJ6DELQ,Rihanna,FourFiveSeconds,0
3pfXxHoydFRfD7IBGJTQAN,Ginuwine,Pony,0
3VXY8vQ3NJZ76iLtAg51QR,James Arthur,Certain Things,0
4z8c9qkpiYghn6DCQ6yA0u,Miguel,Simple Things (Remix),0
60ZGteAEtPCnGE6zevgUcd,Of Monsters and Men,Mountain Sound,0
58xb3WKjQQ5VOOExQME4eQ,Jim James,A New Life,0
7GX5flRQZVHRAGd6B4TmDO,Lil Uzi Vert,XO TOUR Llif3,0
7MCs283jdifycrZoMPPynX,Smokepurpp,Glock In My Benz,0
1C0vXECyJHUeqOo2Etvrr2,Evanescence,My Immortal,0
4wCmqSrbyCgxEXROQE6vtV,Gotye,Somebody That I Used To Know,0
0QnONzv3TvHAWk294h6DaQ,Pearl Jam,Last Kiss,0
0B7wvvmu9EISAwZnOpjhNI,Bruno Mars,When I Was Your Man,0
1mXVgsBdtIVeCLJnSnmtdV,Sam Smith,Too Good At Goodbyes,0
5bcTCxgc7xVfSaMV3RuVke,Calvin Harris,Feels,0
7vGuf3Y35N4wmASOKLUVVU,Marshmello,Silence,0
1wjzFQodRWrPcQ0AnYnvQ9,Lauv,I Like Me Better,0
0CokSRCu5hZgPxcZBaEzVE,Macklemore,Glorious (feat. Skylar Grey),0
6EpRaXYhGOB3fj4V2uDkMJ,Liam Payne,Strip That Down,0
0Qh38w01QRXK6KHIv0e3hb,P!nk,What About Us,0
7i2DJ88J7jQ8K7zqFX2fW8,Halsey,Now Or Never,0
6qcuRcbz8DCLG6nG4or8Uo,Russ,Cherry Hill,0
74fpNVAJrKGQuqHETi4WSt,Lorde,Tennis Court,0
1DRW9bQzt2SE8f7H4KJZyL,Miguel,Sky Walker,0
6i0V12jOa3mr6uu4WYhUBr,Twenty One Pilots,Heathens,0
5cbpoIu3YjoOwbBDGUEp3P,Twenty One Pilots,Car Radio,0
2P61EK6DMGyVyssLWS4fKy,Twenty One Pilots,Lane Boy,0
5wQRNkb7OhzJoT1P0OZ4Rw,Jon Bellion,All Time Low,0
5tWMjGYFhWW38gIlyxgste,ODESZA,Say My Name (feat. Zyra) - Hermitude Remix,0
6PkzXU8dlwtfrwyTlUyVnv,Sam Feldt,Show Me Love - EDX Remix / Radio Edit,0
5DA77EqppDmCTWGovd4oTP,Cheat Codes,Sex,0
5tFep7dXGd7vEJ668wTPux,Gucci Mane,Both (feat. Drake),0
4oyWrvyORD6uCSYCLSRF6W,Major Lazer,Powerful (feat. Ellie Goulding & Tarrus Riley),0
4j4pPKE3xAblPIbhxScC1j,STRFKR,Rawnald Gregory Erickson the Second,0
7aag0fFgE9K1Gj8lJwQaGI,NEEDTOBREATHE,HAPPINESS,0
5tz69p7tJuGPeMGwNTxYuV,Logic,1-800-273-8255,0
3pLTOP0G0etiWUknFoRpsr,Mumford & Sons,The Cave,0
71O1jD7bF3cdMPvPi186V6,Mumford & Sons,I Will Wait,0
1B87ZDrD3Pno9hS4stamWO,Future,Comin Out Strong,0
3WL6yCfh0zw2MxVSWSe0G1,Young Thug,She Wanna Party (feat. Millie Go Lightly),0
4vv1KjUzPwrtDbozizSfQc,DJ Khaled,Don't Quit,0
4aWmUDTfIPGksMNLV2rQP2,Luis Fonsi,Despacito (Featuring Daddy Yankee),0
2EEeOnHehOozLq4aS0n6SL,KYLE,iSpy (feat. Lil Yachty),0
6HZILIRieu8S0iqY8kIKhj,Kendrick Lamar,DNA.,0
7KXjTSCq5nL1LoYtL7XAwS,Kendrick Lamar,HUMBLE.,0
0VgkVdmE4gld66l8iyGjgx,Future,Mask Off,0
6C7RJEIUDqKkJRZVWdkfkH,Kanye West,Stronger,0
20dP2DaMHIAmwWAbp7peSr,Young Thug,pick up the phone,0
25oOaleife6E2MIKmFkPvg,Young Thug,Relationship (feat. Future),0
5hfpu8saHLGedbHRtNCYjm,Machine Gun Kelly,Trap Paris (feat. Quavo & Ty Dolla $ign),0
31G9RaSaDOI2NWcpnIp734,A$AP Rocky,Goldie,0
6yMxfx9wpiuhhdb8vHDVMu,Meek Mill,Whatever You Need (feat. Chris Brown & Ty Dolla $ign),0
7tGlzXJv6GD5e5qlu5YmDg,Lil Wayne,Love Me,0
1hWYT0w2R0J19rlVkiez7X,Lupe Fiasco,Battle Scars,0
2gZUPNdnz5Y45eiGxpHGSc,Kanye West,POWER,0
55OdqrG8WLmsYyY1jijD9b,Young Thug,Wyclef Jean,0
6M0IsaUX4GNyto4niSegfI,Post Malone,No Option,0
4KW1lqgSr8TKrvBII0Brf8,Kanye West,Father Stretch My Hands Pt. 1,0
1FsH6OZCKLWbBgqj8JcCvO,Aloe Blacc,The Man,0
0BU7nIcCZxYSE0hYcc5oZz,Kodak Black,Too Many Years,0
2tQM1BUrXp2kqOM6mN11TC,Lil Wayne,Mr. Carter,0
4uhvMW7ly7tJil31YYscAN,Lil Uzi Vert,Erase Your Social,0
5tRmoZRoupvMYPV1oezFrH,Lil Uzi Vert,X,0
2eAZfqOm4EnOF9VvN50Tyc,Lil Uzi Vert,The Way Life Goes (feat. Oh Wonder),0
1XRgIKC5TPwo7nWGyKqgG0,Gucci Mane,I Get The Bag (feat. Migos),0
0Z9HQ8YvHqdeOjTwsR3cS7,Moon Taxi,Two High,0
0NiXXAI876aGImAd6rTj8w,Jonas Blue,Mama,0
1OAh8uOEOvTDqkKFsKksCi,DJ Khaled,Wild Thoughts,0
7yCqehT9dKACTFy7YugP0J,Marc E. Bassy,You & Me,0
4IWGnyOHDrVZEtPWfs4s7q,Lil Uzi Vert,Do What I Want,0
60xaS8mYBKUW4VQQ666N0T,Chance The Rapper,All Night (feat. Knox Fortune),0
3b0EOvScbZUc0qJx0E1L2z,The Jackson 5,I Want You Back,0
5bgwqaRSS3M8WHWruHgSL5,Khalid,8TEEN,0
3m660poUr1chesgkkjQM7P,Demi Lovato,Sorry Not Sorry,0
6uFsE1JgZ20EXyU0JQZbUR,Taylor Swift,Look What You Made Me Do,0
5a7NdkF09AfD0H607eiOkX,Ellie Goulding,On My Mind,0
5tf1VVWniHgryyumXyJM7w,Robin Schulz,Sugar (feat. Francesco Yates),0
5afHIkEcVhCF1Z1CTqMUXB,Felix Jaehn,Ain't Nobody (Loves Me Better),0
2ZyuwVvV6Z3XJaXIFbspeE,Alessia Cara,Wild Things,0
6O6M7pJLABmfBRoGZMu76Y,The Chainsmokers,Roses,0
3Bjr9MzHM7KHk6zq7KvJRN,Hailee Steinfeld,Love Myself,0
69bp2EbF7Q2rqc5N3ylezZ,Justin Bieber,Sorry,0
1dn1CQcTDnkmncHIKBaC6i,Sigala,Easy Love,0
32FX4D4eT8LFP07QvlhSn8,Coleman Hell,2 Heads,0
5masKPHeAOVNgxdLebIcK7,Kygo,Stole the Show,0
5Z3zRrMIJk7CVpfcLsM9wD,Years & Years,King,0
4tCtwWceOPWzenK2HAIJSb,Fifth Harmony,Work from Home,0
6cREm4bV7V79Yxdilx9HDo,Timeflies,Once In a While,0
0dA2Mk56wEzDgegdC6R17g,Zedd,Stay (with Alessia Cara),0
7BVwi9cIzSc6tpyxsp47vJ,Vance Joy,Mess Is Mine,0
7yq4Qj7cqayVTp3FF9CWbm,Vance Joy,Riptide,0
0Cvjlph1WGbwZY1PlMEtJY,Norah Jones,Come Away With Me,0
4VySpxhRGy32u5zPCprzDn,Alex Clare,Too Close,0
2dLLR6qlu5UJ5gk0dKz0h3,Lorde,Royals,0
1gGY6qfslDtJ4OoWQGKtkE,Alabama Shakes,Hold On,0
2lrRWbiHPdBicufAqrGN3r,Alabama Shakes,Don't Wanna Fight,0
3B7udSGy2PfgoCniMSb523,Ed Sheeran,I See Fire,0
1mqlc0vEP9mU1kZgTi6LIQ,"Earth, Wind & Fire",September,0
3PHAN9g1qziYB16D7Vs91A,The Chainsmokers,Until You Were Gone,0
3kyKXxtCw2Bt23zXAGfkf1,Kiri T,Twenty-Something (Lucian Remix),0
0vbbhcA6okLzvsy6WSTlLg,Rudimental,Lay It All On Me (feat. Ed Sheeran),0
61iyAeMVUNu7vIVqedsBFB,Ella Eyre,We Don't Have To Take Our Clothes Off,0
2HWWsTZxnLSUdFZ4gjsP5N,Troye Sivan,WILD,0
2FiSTH0GYpIioUgjfzMIja,Kygo,Stay,0
6hmhG1b4LEyNuashVvuIAo,Zara Larsson,Never Forget You,0
12REd1n8PeiHHWOh066tpr,Flume,Never Be Like You,0
6TjP1C3sGQH1jBfzUXfcMg,MØ,Kamikaze,0
0QsvXIfqM0zZoerQfsI9lm,The Chainsmokers,Don't Let Me Down,0
2XMTqoHHSH0lvuXrvIEdco,FRENSHIP,Capsize,0
3kAwGo8mtUPsrctroxYLku,Two Door Cinema Club,Sun,0
5Sf3GyLEAzJXxZ5mbCPXTu,Mr. Probz,Waves - Robin Schulz Radio Edit,0
6WQLkih8nE0JdUCEyLaGnQ,Alesso,Heroes (we could be),0
3pzjHKrQSvXGHQ98dx18HI,Justin Bieber,What Do You Mean?,0
4WjH9Bzt3kx7z8kl0awxh4,Major Lazer,Lean On (feat. MØ & DJ Snake),0
66hayvUbTotekKU3H4ta1f,Jack Ü,Where Are Ü Now (with Justin Bieber),0
0CNjoQozZP0mB9rKVdrKGx,DNCE,Toothbrush,0
6875MeXyCW0wLyT72Eetmo,Hailee Steinfeld,Starving,0
7BKLCZ1jbUBVqRi2FVlTVw,The Chainsmokers,Closer,0
1cOyWWUr3oXJIxY0AjJEx9,Troye Sivan,YOUTH,0
2rizacJSyD9S1IQUxUxnsK,The Chainsmokers,All We Know,0
6vnDoUOHTiVB5DvX18tJon,Flume,Say It,0
72jbDTw1piOOj770jWNeaG,The Chainsmokers,Paris,0
7tr2za8SQg2CI8EDgrdtNl,Calvin Harris,Slide,0
2Gl0FzuLxflY6nPifJp5Dr,Kygo,First Time,0
265yhmmWClZfBmgNPzwOMP,Alvaro,Watching You,0
1louJpMmzEicAn7lzDalPW,Cheat Codes,No Promises (feat. Demi Lovato),0
0NyOeqzqjVM9j7IuWp2oJ6,Gryffin,Feel Good (feat. Daya),0
4c9WmjVlQMr0s1IjbYO52Z,Foals,My Number,0
4ImL3v98u2BLkwnyQDjfRm,Kanye West,Can't Tell Me Nothing,0
3CRDbSIZ4r5MsZ0YwxuEkn,Twenty One Pilots,Stressed Out,0
0Y0TOsE1q11qgbi7c5WZsG,Meek Mill,R.I.C.O. (feat. Drake),0
4rvtlpAeDuOn4baUJPCEhy,Justin Bieber,As Long As You Love Me,0
26rdOwwjC2UnweK3xeS58u,Flo Rida,GDFR (feat. Sage The Gemini & Lookas),0
4E3afPSY5fUEelQS9ppL0e,Sia,Alive,0
2NBQmPrOEEjA8VbeWOQGxO,Snoop Dogg,Drop It Like It's Hot,0
2mk87j3RWPdzy0rWIoUP1o,Flume,Drop the Game,0
16bHRxM89ue0TiCKARYbRp,Bryson Tiller,Sorry Not Sorry,0
3iL2l5gUqyPS6vDwJFgJTR,Young Money,BedRock,0
4lLtanYk6tkMvooU0tWzG8,Bruno Mars,Grenade,0
0O45fw2L5vsWpdsOdXwNAR,Justin Timberlake,SexyBack,0
7hhAwcMTdCHxuYkCHCfzw7,Natasha Bedingfield,Unwritten,0
7wZUrN8oemZfsEd1CGkbXE,Leona Lewis,Bleeding Love,0
24nRdDUUIdM2mv1YdwMdu6,Timbaland,Apologize,0
26eOTllWPn7oKuDUJnsJwF,Gwen Stefani,The Sweet Escape,0
4RCWB3V8V0dignt99LZ8vH,Plain White T's,Hey There Delilah,0
0d28khcov6AiegSCpG5TuT,Gorillaz,Feel Good Inc,0
0yD66650JxhqKbW76C2qCo,Luke Bryan,Country Girl (Shake It For Me),0
3b7CDTKB0SRTmQ6ytYi5vZ,Luke Bryan,Drunk On You,0
2YCQff1CDLnQ4dzjAfE1VG,Lee Brice,I Drive Your Truck,0
5aj0xPGiEUN3aI2oOYu14S,Lee Brice,I Don't Dance,0
3ts6xK5GzfMAAriT9AIBmP,Jake Owen,Barefoot Blue Jean Night,0
5vCgOg9VqRaAUbnflCO6P3,Keith Urban,Cop Car,0
0El2Zyt68nYySFDG87hZgM,Florida Georgia Line,Sun Daze,0
6eYYm2xwrvdav2yakF3cqg,Sam Hunt,Leave The Night On,0
1fmi1hOBtH8xfUiWz4LVtE,Craig Morgan,That's What I Love About Sunday,0
0dbzWSYpMcRtwjI1S7Pkql,Luke Bryan,"Huntin', Fishin' And Lovin' Every Day",0
5aAx2yezTd8zXrkmtKl66Z,The Weeknd,Starboy,0
4pLwZjInHj3SimIyN9SnOz,Ariana Grande,Side To Side,0
04DwTuZ2VBdJCCC5TROn7L,Martin Garrix,In the Name of Love,0
5uCax9HTNlzGybIStD3vDh,James Arthur,Say You Won't Let Go,0
2QbFClFyhMMtiurUjuQlAe,Maroon 5,Don't Wanna Know (feat. Kendrick Lamar),0
0OwX5aROoW1Iip8FV51Efg,Anne-Marie,Alarm,0
7DfFc7a6Rwfi3YQMRbDMau,Frank Ocean,Thinkin Bout You,0
1z6WtY7X4HQJvzxC4UgkSf,Beyoncé,Love On Top,0
3AsAuGTaDQzavZZThyYlop,NEIKED,Sexual,0
4TZy1wLyHec06pwgFYDh1a,Shawn Mendes,Mercy,0
4b4KcovePX8Ke2cLIQTLM0,The Vamps,All Night,0
0ADG9OgdVTL7fgREP75BrZ,Zara Larsson,Ain't My Fault,0
4pdPtRcBmOSQDlJ3Fk945m,DJ Snake,Let Me Love You,0
5dKyZWlgjWw1oJgLa4GCZD,Tove Lo,Cool Girl,0
1oQZk2bKBLgP1cbuFKvjkq,Beyoncé,If I Were a Boy,0
3M5eeHXgG4VplKNcsBC8Dj,Stevie Wonder,"Signed, Sealed, Delivered (I'm Yours)",0
494OU6M7NOf4ICYb4zWCf5,Maroon 5,Sugar,0
4biuE0gvdD3GpAryIdgVx8,Peabo Bryson,A Whole New World (Aladdin's Theme),0
0qRR9d89hIS0MHRkQ0ejxX,Daryl Hall & John Oates,Rich Girl,0
4kflIGfjdZJW4ot2ioixTB,Adele,Someone Like You,0
2H3ZUSE54pST4ubRd5FzFR,Marvin Gaye,Ain't No Mountain High Enough,0
3SPDQfj2UfWq6A2NllZnzn,One Direction,What Makes You Beautiful,0
0d8ZbnRoW1TJ3qEleTrYHH,Backstreet Boys,I Want It That Way,0
3yrSvpt2l1xhsV9Em88Pul,Van Morrison,Brown Eyed Girl,0
3hB5DgAiMAQ4DzYbsMq1IT,Justin Bieber,Love Yourself,0
0H04yVa3DJxoXbLBpAb7iV,Chris Young,I'm Comin' Over,0
2j79NtwxoWDmkiH4MGwdLq,Chris Young,Lonely Eyes,0
0p1BcEcYVO3uk4KDf3gzkY,Hunter Hayes,Wanted,0
3PJivN5BZ2ckFa22igIu4a,K-Ci & JoJo,Crazy,0
6Bd9hh3O9DMjm8hws64D0z,K-Ci & JoJo,Tell Me It's Real,0
0KMzyApR43L4JH9ZMHS1Km,Brooks & Dunn,Boot Scootin' Boogie,0
0O8Z60xOZX7TqDWXS5Fied,Brooks & Dunn,Cowgirls Don't Cry,0
2rg3yLJKN5Yl4JCHHkMgeC,Josh Turner,Time Is Love,0
359krpyCKcFF8SFvqWES9L,Old Crow Medicine Show,Wagon Wheel,0
69DR48pXzSabFUfQfDDJDb,Thomas Rhett,Make Me Wanna,0
7p7Htw2r4UavqvWv1O6omI,Tyler Farr,Damn Good Friends - Duet with Jason Aldean,0
4XPWKmy05Rcff6TLHNoNF8,Ella Henderson,Ghost,0
1ccNXmmgYnajJ8ulYYEK9Y,Gavin DeGraw,I Don't Want to Be,0
1eFiehZXXGbxfkZx9mraUj,Luke Bryan,Beer In The Headlights,0
2d8JP84HNLKhmd6IYOoupQ,Fetty Wap,Trap Queen,0
2NVt7fxr5GsqTkGwYXcNTE,Rich Homie Quan,"Flex (Ooh, Ooh, Ooh)",0
7cgu4JBW3hq1GwTM1ilkKQ,Tove Lo,Talking Body,0
4sPmO7WMQUAf45kwMOtONw,Adele,Hello,0
5EQ9yEra0SzVd673ZfKT4C,Ben Rector,Brand New,0
6vSforRhuzsA0D0SO9fG1S,Charlie Puth,One Call Away,0
3vOmmLuvEUgGaVuRsCs2QF,Tori Kelly,I Was Made For Loving You,0
7129iqBafaphfc3WPCGC0L,Lukas Graham,7 Years,0
6DNtNfH8hXkqOX1sjqmI7p,Major Lazer,Cold Water (feat. Justin Bieber & MØ),0
6YbhspuOar1D9WSSnfe7ds,Snoop Dogg,"Young, Wild & Free (feat. Bruno Mars) - feat. Bruno Mars",0
1CnPYaKxTVb4LWOtiGOm0m,Jon Bellion,All Time Low,0
6RUKPb4LETWmmr3iAEQktW,The Chainsmokers,Something Just Like This,0
4exKBPywrjt5lTMhBhpD1G,R3HAB,Trouble,0
4aY0tZIaboefmkBEsjAovI,The Band Perry,If I Die Young,0
0IqKeD8ZSP72KbGYyzEcAs,Hozier,Take Me To Church,0
1SfoXU9q0EZtlgSLlrYBju,Nick Jonas,Chains,0
5oQcOu1omDykbIPSdSQQNJ,Bowling For Soup,1985,0
0MsrWnxQZxPAcov7c74sSo,Green Day,Holiday/Boulevard Of Broken Dreams,0
0OJXdyyVL8K6aovPgfqCcN,Avril Lavigne,Girlfriend (German Version - Explicit) - German Version - Explicit,0
1N62wozuHCvczCkY4QidpP,The Fray,Over My Head (Cable Car),0
3k2Zv2luPZHpxfFjGpr4Mm,Matchbox Twenty,How Far We've Come,0
0wqOReZDnrefefEsrIGeR4,Lifehouse,Hanging By A Moment,0
7L605WhF5EGf34ggj87yK6,Lifehouse,You And Me,0
11bD1JtSjlIgKgZG2134DZ,Snow Patrol,Chasing Cars,0
5aDpULK8MbJmHl42kR5KNI,Howie Day,Collide,0
49kjlZP49LMD1MrrcvXDET,The Script,For the First Time,0
4f3ocvNFdJMmGP04kskM2J,Jason Aldean,Burnin' It Down,0
6aNwDe5YH5YUPlpHkku52w,Frankie Ballard,Sunshine & Whiskey,0
3vsKVgsF2Ax03wXt3J5EqU,Tim McGraw,Truck Yeah,0
7hsLKGEnoiNShdIGL6ws1f,AWOLNATION,Sail,0
2Oehrcv4Kov0SuIgWyQY9e,Imagine Dragons,Demons,0
5u0YB9bpmgEPS2bPhwfRFV,Christina Perri,arms,0
2FRnf9qhLbvw8fu4IBXx78,Wham!,Last Christmas,0
0bYg9bo50gSsH3LtXe2SQn,Mariah Carey,All I Want for Christmas Is You,0
7inXu0Eaeg02VsM8kHNvzM,Frank Sinatra,Let It Snow! Let It Snow! Let It Snow!,0
6kex4EBAj0WHXDKZMEJaaF,Jason Derulo,Swalla (feat. Nicki Minaj & Ty Dolla $ign),0
0SGkqnVQo9KPytSri1H6cF,Big Sean,Bounce Back,0
5hTpBe8h35rJ67eAWHQsJx,Aminé,Caroline,0
4Kz4RdRCceaA9VgTqBhBfa,Drake,The Motto,0
5OOkp4U9P9oL23maHFHL1h,Desiigner,Panda,0
6REbwUNlppTfcnV4d4ZoZi,Kendrick Lamar,Swimming Pools (Drank),0
5KY7zgFeH2GWoL1zP9mME6,Lil Jon & The East Side Boyz,Get Low - Street,0
3a1lNhkSLSkpJE4MSHpDu9,Post Malone,Congratulations,0
1yYzuNd0KRyHVJ3NH8apBt,Mac Miller,Donald Trump,0
55DuTmvSGwNQR4cBgqYuYL,Tyga,Dope,0
6KqKg8IPuvtDB3PNAvffFf,Eminem,Shake That,0
00LfFm08VWeZwB0Zlm24AT,Baby Bash,Suga Suga,0
3lwrebzX6n6v4zP5DOqBKc,Cam’ron,Hey Ma,0
52IuMfbQa9aqRPz2oYPAI8,N.W.A.,Express Yourself,0
3nAq2hCr1oWsIU54tS98pL,Kanye West,Waves,0
3B54sVLJ402zGa6Xm4YGNe,French Montana,Unforgettable,0
2wmEryA2YLaFwFvA63n3O2,Tim McGraw,Don't Take The Girl,0
4ABua0yuWcpTotImEEJTaw,Brad Paisley,Remind Me,0
6eZP01jERQt27Ggq7kpEf9,Rascal Flatts,Rewind,0
2GgIDaPLsowybB3WgxLWUj,Keith Anderson,Pickin' Wildflowers,0
3DGKj5YCr3o9UD4djXUbvI,Brooks & Dunn,Play Something Country,0
5PnBpKOVvQxeFvXVNYSoxs,Hundred Waters,"Show Me Love (feat. Chance The Rapper, Moses Sumney and Robin Hannibal) - Skrillex Remix",0
2pMPWE7PJH1PizfgGRMnR9,Frank Ocean,Bad Religion,0
2h1IPjP471JJRSShTHRUhi,Ariana Grande,Dangerous Woman,0
7l1qvxWjxcKpB9PCtBuTbU,Bruno Mars,Count On Me,0
7yfg0Eer6UZZt5tZ1XdsWz,Drake,Make Me Proud,0
1nZzRJbFvCEct3uzu04ZoL,Katy Perry,Part Of Me,0
3bDGwl0X3EjQmIyFD1uif5,Katy Perry,Roar,0
7wMq5n8mYSKlQIGECKUgTX,The Script,Hall of Fame,0
3AYcyxEACnmE6d96RPubID,Macklemore & Ryan Lewis,Thrift Shop (feat. Wanz),0
7w87IxuO7BDcJ3YUqCyMTT,Foster The People,Pumped Up Kicks,0
69kOkLUCkxIZYexIgSG8rq,Daft Punk,Get Lucky,0
3sNVsP50132BTNlImLx70i,Kanye West,Bound 2,0
7bmqcI1HQwx1PWwYyZO0lg,Rihanna,Kiss It Better,0
1Tt4sE4pXi57mTD1GCzsqm,Rihanna,Needed Me,0
3xdjjKMcMOFgo1eQrfbogM,Darius Rucker,Wagon Wheel,0
4qikXelSRKvoCqFcHLB2H2,Kanye West,Mercy,0
7s0lDK7y3XLmI7tcsRAbW0,Fall Out Boy,My Songs Know What You Did In The Dark (Light Em Up),0
4ckuS4Nj4FZ7i3Def3Br8W,Drake,Sneakin’,0
5sNESr6pQfIhL3krM8CtZn,JAY Z,Numb / Encore,0
2AYTGaclgKXACh13nJRVcV,Fat Joe,All The Way Up (Remix),0
0N3W5peJUQtI4eyR6GJT5O,Kendrick Lamar,King Kunta,0
4jtyUzZm9WLc2AdaJ1dso7,Drake,0 To 100 / The Catch Up,0
1I8956VUImfafRIuccR9Cq,Four Tops,"I Can't Help Myself (Sugar Pie, Honey Bunch) - Album Version (Stereo)",0
43Ei9NSyEjgFYXoKLISyz4,Disclosure,Magnets,0
3z0a8G407NbxfjTRffvQiP,The Band Perry,Better Dig Two,0
7A4KjSFDx0BL75up2eK0OF,Maroon 5,Come Away To The Water,0
5InWRmnfgjVwQWoXHNBATu,Cher Lloyd,Want U Back,0
6tbNaE7kvGNqS7FvJ0dzLB,Jana Kramer,I Got The Boy,0
6ECp64rv50XVz93WvxXMGF,Maroon 5,This Love,0
4pV1bl7OiFW4mMNLmsgQGC,Frank Sinatra,The Way You Look Tonight,0
2WfaOiMkCvy7F5fcp2zZ8L,a-ha,Take On Me,0
4bPQs0PHn4xbipzdPfn6du,Panic! At The Disco,I Write Sins Not Tragedies,0
3vJG33adGD5Z39Gb6Cnevi,Lou Bega,Mambo No. 5 (A Little Bit of...),0
5SZ6zX4rOrEQferfFC2MfP,Aerosmith,Walk This Way,0
6hnhksrWAA4OYYpKRh8Oqb,Panic! At The Disco,Bohemian Rhapsody,0
0CcQNd8CINkwQfe1RDtGV6,Imagine Dragons,Believer,0
5Z3GHaZ6ec9bsiI5BenrbY,Khalid,Young Dumb & Broke,0
0jHkgTtTaqg5LNCiYDQPUB,Marvin Gaye,Let's Get It On,0
4v6jydWBTAIqnyPVNyOAdc,Haddaway,What Is Love,0
54LGxQGf5LPXNGjtzDZ5IE,Zara Larsson,So Good,0
4GJAd1nBylAEbw1dZDVzEQ,Lost Kings,Quit You,0
2yTTfOaptQVJiocgjoQFfi,Roy Woods,Get You Good,0
0zg5XJPiga7E5FxiehriG2,Bryson Tiller,Been That Way,0
5rgrBsAFYMun6yhtnLKRPz,Bryson Tiller,Right My Wrongs,0
2rUwQj4SWaP2anuGDtNpYR,Bryson Tiller,Self-Made,0
5GG3knKdxKWrNboRijxeKF,Bryson Tiller,Run Me Dry,0
7hDc8b7IXETo14hHIHdnhd,Drake,Passionfruit,0
6n3HGiq4v35D6eFOSwqYuo,Drake,Teenage Fever,0
10VBBaul4zVD0reteuIHM2,Drake,From Time,0
74atKkOasLOVzvqB6mYgga,Drake,The Real Her,0
433P7tDcIAi6NLnf4Sh6tI,Drake,Still Here,0
11KJSRSgaDxqydKYiD2Jew,Drake,Too Good,0
5DSr1NMci58MEgS20vivSL,G-Eazy,Let's Get Lost,0
2BqQQXuBOuhaWeUP7okEx0,K CAMP,Comfortable,0
6SwRhMLwNqEi6alNPVG00n,Kendrick Lamar,LOYALTY. FEAT. RIHANNA.,0
6PGoSes0D9eUDeeAafB2As,Kendrick Lamar,LOVE. FEAT. ZACARI.,0
152lZdxL1OR0ZMW6KquMif,Khalid,Location,0
6CvTbrBxxc5jFwqsivhpxh,Logic,Anziety,0
55GLc4nywcX4aIlOcx1u06,21 Savage,FaceTime,0
6rvjjyTCbuoIucuI9TvTfX,William Singe,No Scrubs,0
4cxMGhkinTocPSVVKWIw0d,Russ,Losin Control,0
6HK4YGOpZr1ost68QP3ul0,Russ,Ride Slow,0
4f1QbCjIAgQwnf7ms9NXWx,Russ,Me You,0
6VnqGxiMNexOe0kRmIsBw4,Russ,Ain't Nobody Takin My Baby,0
75ZvA4QfFiZvzhj2xkaWAh,Post Malone,I Fall Apart,0
3sz2fvkHUhBip8r9i8HqeV,G-Eazy,Down For Me,0
4SYUUlkScpNR1QvPscXf8t,Post Malone,Too Young,0
4nqdlZEyfCTE6vqm58XTrI,Russ,Fallin' Too,0
7zxRMhXxJMQCeDDg0rKAVo,NAV,Some Way,0
1t2tKmSYA61IA7scT1yoIn,The Head and the Heart,Rivers And Roads,0
1DDEOszvliLLv80PQzGF69,Phantogram,Mouthful of Diamonds,0
7KjshuVvYwFlunnMSPSTrM,The Middle East,Land of the Bloody Unknown,0
6vTtMyCg96xwpoIBws9K0Q,Tame Impala,Feels Like We Only Go Backwards,0
3lSDIJ2abCrOdDJ6pshUap,Nick Jonas,Close,0
6MzuROznsagl5Szc8w3Smj,Hayden James,Something About You,0
1xznGGDReH1oQq0xzbwXa3,Drake,One Dance,0
4OZEu0Vwq0RB2LAq14v99n,DJ Snake,Middle,0
3jEPu6FD1icy9cLllhB2XK,Disclosure,Omen - Radio Edit,0
1q8NdCAQ9QUjpYiqzdd3mv,Calle 13,Atrévete-Te-Te,0
7JIjUx3GsL0upxmNJacmtz,Elvis Crespo,Suavemente,0
7nflSbrgBCitUnW4psdR7a,Celia Cruz,La Negra Tiene Tumbao,0
5HRcFL5LZb6PoE17CDNTU0,Angel Y Khriz,Ven Bailalo - Bachareggae,0
7syG2WcnpcoJvxSZT9VbAa,J Balvin,Yo Te Lo Dije,0
6HoYqaTWEpeSyuMMgREvyg,De La Ghetto,Tu Te Imaginas,0
1rYr4ETg31yyac7VTRv7BK,Los Angeles De Charly,Me Vas A Recordar,0
6D0b04NJIKfEMg040WioJQ,Julia Michaels,Issues,0
5knuzwU65gJK7IF5yJsuaW,Clean Bandit,Rockabye (feat. Sean Paul & Anne-Marie),0
3E2Zh20GDCR9B1EYjfXWyv,AJR,Weak,0
4Q3N4Ct4zCuIHuZ65E3BD4,Kodak Black,Tunnel Vision,0
0KKkJNfGyhkQ5aFogxQAPU,Bruno Mars,That's What I Like,0
21TdkDRXuAB3k90ujRU1et,Maroon 5,Cold (feat. Future),0
4Lora6205JbkK6BJlttlRH,Lostboycrow,The Lost Boy (feat. Skizzy Mars),0
1CvoOXxJqC2VHwgjZxjGX5,Chris Tomlin,Good Good Father,0
3eR23VReFzcdmS7TYCrhCe,Kygo,It Ain't Me (with Selena Gomez),0
1x5sYLZiu9r5E43kMlt9f8,Clean Bandit,Symphony (feat. Zara Larsson),0
0PDUDa38GO8lMxLCRc4lL1,ZAYN,PILLOWTALK,0
2xRYnHQdLD9ketvC01UYYT,Sevyn Streeter,It Won't Stop (feat. Chris Brown),0
5fVZC9GiM4e8vu99W0Xf6J,The Fray,How to Save a Life,0
2NRUU0gP1d8Yif8CpsCW8l,Tyga,Faded,0
6MreoQf8oixWI2xRcw3Fv1,Lil Wayne,Mirror,0
5XJJdNPkwmbUwE79gv0NxK,Kanye West,Gold Digger,0
3LySNPf6PRGhOVWJdZutow,Eminem,Crack A Bottle,0
22AbXxQbMdVqEz7xJjhccG,Damian Marley,Welcome To Jamrock,0
4F7A0DXBrmUAkp32uenhZt,The Weeknd,Party Monster,0
62vpWI1CHwFy7tMIcSStl8,J. Cole,No Role Modelz,0
40YcuQysJ0KlGQTeGUosTC,G-Eazy,"Me, Myself & I",0
69uxyAqqPIsUyTO8txoP2M,Coldplay,Adventure Of A Lifetime,0
3RiPr603aXAoi4GHyXx0uy,Coldplay,Hymn For The Weekend,0
7wBrglFVTNCcW6IhdgBkm1,Coldplay,Paradise,0
2V65y3PX4DkRhy1djlxd9p,Swedish House Mafia,Don't You Worry Child (Radio Edit) [feat. John Martin],0
1lItf5ZXJc1by9SbPeljFd,Zay Hilfigerrr,Juju On That Beat (TZ Anthem),0
02M6vucOvmRfMxTXDUwRXu,Beyoncé,7/11,0
0725YWm6Z0TpZ6wrNk64Eb,Frank Ocean,Super Rich Kids,0
3VZmChrnVW8JK6ano4gSED,Marvin Gaye,Sexual Healing,0
5KSNxyuyp5K1kDT6LvX8oZ,Jon Bellion,80's Films,0
5tVA6TkbaAH9QMITTQRrNv,Tom Petty,Free Fallin',0
4bHsxqR3GMrXTxEPLuK5ue,Journey,Don't Stop Believin',0
7MooGz4ZPE4bNxjFegR6Jx,Tom Petty,You Don't Know How It Feels,0
6Knv6wdA0luoMUuuoYi2i1,Flo Rida,My House,0
46jLy47W8rkf8rEX04gMKB,OneRepublic,Wherever I Go,0
4E6cwWJWZw2zWf7VFbH7wf,Sara Bareilles,Love Song,0
4BHzQ9C00ceJxfG16AlNWb,Adele,Send My Love (To Your New Lover),0
343YBumqHu19cGoGARUTsd,Drake,Fake Love,0
67iAlVNDDdddxqSD2EZhFs,The Proclaimers,I'm Gonna Be (500 Miles),0
1mea3bSkSGXuIRvnydlB5b,Coldplay,Viva La Vida,0
104buTcnP2AsxqB7U1FIZ4,Linkin Park,Heavy (feat. Kiiara),0
5Ozo0lsCaVNJPlKC7RtDnp,Secondhand Serenade,Fall For You,0
4oa14QBfWRDfJy2agySy0L,Sara Bareilles,Gravity,0
6ZYS6QQxTLsQ6IFXdVx1r4,The Lumineers,Ophelia,0
15twB7zTglmu0Bg8gW4Mrm,The Lumineers,Stubborn Love,0
7rPLZ8Krm6CZIbraFUlnWZ,Adele,Make You Feel My Love,0
1wHZx0LgzFHyeIZkUydNXq,Travis Scott,Antidote,0
5q5MyfXey3ms6IyT6TYf5L,Bas,Night Job,0
6GnhWMhgJb7uyiiPEiEkDA,Mac Miller,Weekend (feat. Miguel),0
5O2Yjlcs5pSpHq1gcA0cwg,G-Eazy,Order More,0
7EiZI6JVHllARrX9PUvAdX,Future,Low Life,0
7zBPzAjKAqQpcv8F8GCq5s,MadeinTYO,Uber Everywhere,0
3pndPhlQWjuSoXhcIIdBjv,Russ,What They Want,0
7gDwRzJhLs0fFHaGtMDJVM,Action Bronson,Baby Blue (feat. Chance the Rapper),0
57evRskKe47TvzG96SLLTM,Russ,Pull The Trigger,0
40yJGQyEaBbIkXpwMFkXip,Lil Yachty,One Night,0
5cgEadiGKjtTP1Q6NJqVP5,Travis Scott,A-Team,0
27PmvZoffODNFW2p7ehZTQ,Kent Jones,Don't Mind,0
19a3JfW8BQwqHWUMbcqSx8,Kanye West,Famous,0
1Wsbr1d2BouNGk2q92mIj7,Kanye West,Pt. 2,0
2yJ9GVCLMmzBBfQAnfzlwr,ScHoolboy Q,THat Part,0
5uDASfU19gDxSjW8cnCaBp,Rob $tone,Chill Bill,0
5tkDCf3xKRZjT5RbCb3sZB,2 Chainz,Big Amount,0
4gmmRb6bZJffOOiww1JGTO,21 Savage,No Heart,0
5J5PXmMdQ2nh1lZOal8KmK,Meek Mill,Litty (feat. Tory Lanez),0
2ANLarE8yHVsLWW21nj79M,Lil Uzi Vert,You Was Right,0
6b8Be6ljOzmkOmFslEb23P,Bruno Mars,24K Magic,0
3vgNmjuRDnGLxUFGCLkwpm,David Guetta,Light My Body Up (feat. Nicki Minaj & Lil Wayne),0
60APt5N2NRaKWf5xzJdzyC,Calvin Harris,Heatstroke,0
7cGFbx7MP0H23iHZTZpqMM,Logic,Everybody,0
4eu6JBKQQDruA38FBDX22d,Russ,Don't Lie,0
6Lh85Pe18pqvNdDoWgTVUC,Michael Bublé,Blue Christmas,0
7DG0w4DhCctrvlXIai22yg,Pentatonix,Hark! The Herald Angels Sing,0
0lLdorYw7lVrJydTINhWdI,Michael Bublé,It's Beginning To Look A Lot Like Christmas,0
4qBejt9FeqLI9blHI1Nq1x,Michael Bublé,Jingle Bells (feat. The Puppini Sisters),0
4z8sz6E4YyFuEkv5o7IJni,Pentatonix,"Mary, Did You Know?",0
0kmrXYtFI8cgxsShrJpThx,Michael Bublé,Mis Deseos/Feliz Navidad (Duet With Thalia),0
4RyK6N4IQ85xxLgguQAFH5,Lana Del Rey,Blue Jeans,0
5G1sTBGbZT5o4PNRc75RKI,The Black Keys,Lonely Boy,0
12GEv3kB19M52HvybQ6maU,Electric Guest,Waves,0
4xB9lkX25TyB2SpZjk8X04,Yuna,Lullabies,0
2ihCaVdNZmnHZWt0fvAM7B,Of Monsters and Men,Little Talks,0
5g7rJvWYVrloJZwKiShqlS,Of Monsters and Men,Dirty Paws,0
3DKnXdfYdirLs5KYw4Kb4d,City and Colour,O' Sister,0
69M9QCMsCQ5MLsw7BBW0rL,Lil Uzi Vert,Hi Roller,0
2Wc5No77rhsfW2mB9LzXB3,Lil Uzi Vert,Ronda (Winners),0
65kp3OFn7JXbCvkm3m2Ui2,Lil Uzi Vert,Two®,0
1uL78kFWxhz3umTMWJu8n5,Lil Uzi Vert,Sauce It Up,0
5Y3Tj0wJhKAaPbwWxXxZGS,Lil Uzi Vert,Feelings Mutual,0
6FZCj8wIH1sDklyZH3DEUC,Zion,More,0
7qCAVkHWZkF44OzOUKf8Cr,Nicky Jam,El Perdón,0
5rKEC4enuOXJ37zx9OCz2G,Cosculluela,A Donde Voy (feat. Daddy Yankee),0
7AtlMCIauSQZqiXSlbBPW6,J Balvin,Bobo,0
1lxswgIpzV6HhENRvkflES,Farruko,Chillax,0
5Jt4zdXTd9y1zxihiNYQI1,Farruko,Obsesionado,0
2yDaWqECegHdiFOuez5gdO,Farruko,Sunset,0
58IL315gMSTD37DOZPJ2hf,Daddy Yankee,Shaky Shaky,0
0OMRAvrtLWE2TvcXorRiB9,Gente De Zona,La Gozadera,0
6DUdDIRgLqCGq1DwkNWQTN,Maluma,Borro Cassette,0
7tA7IQiLWAqTXahUQ9RvfN,Zion & Lennox,Pierdo la Cabeza - Official Remix,0
5u5MvmVtitax9R1Mxh3reC,Ozuna,Dile Que Tu Me Quieres,0
3n58u3LOFw8mITLvfPvQBz,Cosculluela,Manicomio,0
6LbN9JT2sAckykm78CA8Ol,Halsey,Is There Somewhere,0
16w8ZGVSjI4TlTLV8VimBY,Halsey,Castle,0
6Xs7OKt6i0Ddq8B4M5Dgvr,Halsey,New Americana,0
4U38hORPx8SsUAXGumsUYN,Halsey,Hold Me Down,0
5dcYoYFAXh0f0qI05AoufB,Halsey,Ghost,0
2IO7yf562c1zLzpanal1DT,Halsey,Gasoline,0
2MvvoeRt8NcOXWESkxWn3g,Lorde,Ribs,0
44IeABaLLsnFVb7rjzNTzS,Brandi Carlile,The Story,0
56fZFRtOSMIMyVh0ZIF0AT,Arctic Monkeys,Knee Socks,0
3fo6DYGktjENCiagUeU9yH,Melanie Martinez,Pity Party,0
7fPHfBCyKE3aVCBjE4DAvl,The Weeknd,In The Night,0
2GiJYvgVaD2HtM8GqD9EgQ,BØRNS,Electric Love,0
1hQFF33xi8ruavZNyovtUN,Frankie Valli & The Four Seasons,"December, 1963 (Oh What A Night!)",0
5CdJveJgiGXoGwDFqF6afp,Silk,Freak Me,0
0osPX8TruIebOhKuG6GK8C,Wiz Khalifa,On My Level - feat. Too $hort,0
2kzRSiyignH8yzPTrWvyPo,Wiz Khalifa,No Sleep,0
0J6mQxEZnlRt9ymzFntA6z,Bon Jovi,Livin' On A Prayer,0
124NFj84ppZ5pAxTuVQYCQ,Drake,Take Care,0
3ZFTkvIE7kyPt6Nu3PEa7V,Shakira,Hips Don't Lie,0
2WNVqZq1ujhMDlOAqBFkVv,The Black Eyed Peas,My Humps,0
6jvvpPJQJy5rMOEkLlADl6,Trey Songz,Neighbors Know My Name,0
2YegxR5As7BeQuVp2U6pek,Mary J. Blige,Be Without You,0
2He3NOyqtLNE3RQPpeDdSb,Deee-Lite,Groove Is In The Heart,0
5WKHUZyfJOmcJx3b9hndSM,Tag Team,Whoomp! There It Is,0
07nH4ifBxUB4lZcsf44Brn,Calvin Harris,Blame,0
6RsWqX8zABZLhZydXxEFOm,The Weeknd,Can't Feel My Face,0
6HTJZ0TQJVMSKkUGzAOe2h,Matoma,Old Thing Back (feat. Ja Rule and Ralph Tresvant),0
14WWzenpaEgQZlqPq2nk4v,Rihanna,Work,0
1I8tHoNBFTuoJAlh4hfVVE,Kygo,Firestone,0
22mek4IiqubGD9ctzxc69s,Calvin Harris,How Deep Is Your Love,0
5GXAXm5YOmYT0kL5jHvYBt,The Weeknd,I Feel It Coming,0
6insm53ZpCzFSOrMPwnAeT,The Piano Guys,Where Are You Christmas,0
40PLavI2NvHX8KB0zP3oJN,The Piano Guys,Begin Again,0
2tWpe0cnLmBc3b8neebsuB,The Piano Guys,Rockelbel's Canon (Pachelbel Canon in D),0
3Utue3RvDoFagRE5bYlQL5,The Piano Guys,Mission Impossible,0
7frDwJ4Fe57hNs0gtHAMR4,The Piano Guys,Lord of the Rings,0
155NjB8Mlcp47fM7t9el61,The Piano Guys,Berlin,0
6Br4baYuVyuNOmQRhuMqFI,The Piano Guys,All of Me,0
3wGQULikds23nGCvIJf5G4,The Piano Guys,Just the Way You Are,0
7MOr1XBgJkZ15noyPOkI1X,Jon Schmidt,Waterfall,0
3Rdz5CTpIlIhovCysRrna7,The Piano Guys,Charlie Brown Medley,0
6amWzecM9lo2uYpVOQCkEZ,The Piano Guys,Me and My Cello (Happy Together),0
6hTjj5ogCmkaYQqOuVEtLz,The Piano Guys,Twinkle Lullaby,0
5NHT6xEIVlW1lG6oJmoEHF,The Piano Guys,More Than Words,0
1ISSeXIMiNYCZ1cXwwWJ2v,The Piano Guys,Can't Help Falling in Love,0
1ojOsS0Xx9CGjufFGJuaJG,Alex Goot,Begin Again (feat. Megan Nicole and Alex Goot),0
43nWF2uoISDCSDQ9ecyp18,The Piano Guys,Titanium / Pavane,0
2FiP7oP3mvDxw94lxzqTpn,The Piano Guys,Peponi (Paradise),0
6fJUmpdbIZS6YSSHHTuVXp,The Piano Guys,Code Name Vivaldi,0
5gMEMaqm74DwNKxZ0RfWM6,The Piano Guys,Beethoven's 5 Secrets,0
1Q3DPDVcdKakxyt4UcEDGZ,The Piano Guys,Over the Rainbow / Simple Gifts,0
1IPpYIkPVnja2CJOb2VLfO,The Piano Guys,Cello Wars,0
533fq1mLGB1CrUkmWyEOXr,The Piano Guys,Arwen's Vigil,0
1rwhi30mfL4e12yng6F261,The Piano Guys,Moonlight,0
4eYaDRhiL5iesFp2EuoODr,The Piano Guys,A Thousand Years,0
3eDvYMlweW2C096kiSMNaN,The Piano Guys,Michael Meets Mozart,0
7wZZoaI2AykMAL4nyYMKv3,The Piano Guys,The Cello Song,0
5XsR9EqgROvCsA6joaHO6z,The Piano Guys,Rolling in the Deep,0
0KHGoo7FwwOXphwViJjyIl,The Piano Guys,What Makes You Beautiful,0
2N6I3slzcRXW7pUw2x30qL,The Piano Guys,Bring Him Home,0
7bJIdqzs2ARwxqoeJYo3qQ,The Piano Guys,Without You,0
0rGK2NuhpX0Xz2nVIxM5us,The Piano Guys,Nearer My God to Thee,0
2njpmDNj4ZAxvy9hL4oN1A,Sergei Rachmaninoff,Rock Meets Rachmaninoff,0
2N3Bp4QU3JeqqQiL2geJqV,The Piano Guys,Rolling in the Deep (vocal version),0
40lKptao1hxVqA7fd1OOGp,Chris Tomlin,Our God,0
1XRU97Tx69sJGyd9TDvGxY,Chris Tomlin,Amazing Grace (My Chains Are Gone),0
4EHWldZTas5KUyFtT0rQlY,Matt Maher,"Lord, I Need You",0
4G29gmjS7Z2nEFeM7FA6wx,Casting Crowns,Voice of Truth,0
2wMBKl2M7X20iHrbDcDp4D,Brian Johnson,Forever,0
27uBwOJbW6kHsCbKGukxMK,Chris Tomlin,At The Cross (Love Ran Red),0
1lEk3U3MzbDeL5MNHkE9JU,Elevation Worship,O Come to the Altar,0
5SfpwvdJ66fSdIoOc3jw1g,Caribou,Can't Do Without You,0
7IWkJwX9C0J7tHurTD7ViL,Adele,When We Were Young,0
6eT7xZZlB2mwyzJ2sUKG6w,Post Malone,White Iverson,0
6jdOi5U5LBzQrc4c1VT983,Drake,"Hold On, We're Going Home",0
79XrkTOfV1AqySNjVlygpW,Drake,Energy,0
2WKLUgklz0VDX5bKTZ3eYD,Chris Janson,Buy Me A Boat,0
47nm8czanMUzIqHsnr5x61,Toby Keith,Red Solo Cup,0
5rX6C5QVvvZB7XckETNych,Kid Rock,All Summer Long,0
77oU2rjC5XbjQfNe3bD6so,The Rolling Stones,Beast Of Burden - Remastered,0
5lN1EH25gdiqT1SFALMAq1,The Black Keys,Gold On The Ceiling,0
58NcFB7kNMOzYkS3qzME4C,Nappy Roots,Good Day,0
1fLdeDTrJWNkwOeFyAVLvF,Kanye West,Good Life,0
6YZdkObH88npeKrrkb8Ggf,Enrique Iglesias,DUELE EL CORAZON,0
7gHs73wELdeycvS48JfIos,Alan Walker,Faded,0
4h90qkbnW1Qq6pBhoPvwko,The Weeknd,Sidewalks,0
06iMqWThw4w8fTFyccvOwr,Nelly,Ride Wit Me,0
6qMXubogFdMrvVMJwqATzd,Wes Walker,Jordan Belfort,0
0kYUrLVQOfx21xuXu7OGrT,The Killers,All These Things That I've Done,0
3Hx7RXqCS7Kzjy2ot2q1Gk,The Black Keys,Fever,0
2d5NhldpaetRQBVbNveDkK,Kanye West,Diamonds From Sierra Leone - Remix - Album Version (Explicit),0
2dgFqylK6gyILa4HY65u0y,AJR,I'm Ready,0
3gZUflBBfgS3QiTSTg0hk0,Pham,Movements,0
3a1oOzpXDb8k36NvADS7NU,Lost Kings,Marathon,0
60vkPCkZrYUQLRFK4EQwuA,Porter Robinson,Divinity,0
2a1o6ZejUi8U3wzzOtCOYw,Don Omar,Danza Kuduro,0
3FdHgoJbH3DXNtGLh56pFu,Miami Sound Machine,Conga,0
6ZOBP3NvffbU4SZcrnt1k6,3 Doors Down,Kryptonite,0
6nTiIhLmQ3FWhvrGafw2zj,Green Day,American Idiot,0
5EHHMikaYxhe7N6h0gBvkn,Fort Minor,Welcome,0
4PkJ7c9y1CwpuVOiJODnCZ,Nickelback,Someday,0
3WbphvawbMZ8FyqDxYGdSQ,3 Doors Down,When I'm Gone,0
3KYiA4vq6RPO1dE2XROXd8,Bon Jovi,You Give Love A Bad Name,0
1ACZpHI5vZ5Ea4xGlkdGWM,Afroman,Crazy Rap (Colt 45 & 2 Zig Zags),0
3rbNV2GI8Vtd8byhUtXZID,JAY Z,Clique,0
5NQbUaeTEOGdD6hHcre0dZ,Fetty Wap,679 (feat. Remy Boyz),0
1vNn7rVQT6UtEW1NGH53fT,Sammy Adams,All Night Longer,0
2K87XMYnUMqLcX3zvtAF4G,One Direction,Drag Me Down,0
1ms5tNNdPouTtcD2oVF9Oz,Wiz Khalifa,"Work Hard, Play Hard",0
4qdgv45EPcQqpQ08tF34f8,MadeinTYO,Skateboard P,0
22DKsoYFV5npPXmnPpXL7i,2 Chainz,Watch Out,0
4DMPn1rEujpIJIvjy9HKV8,will.i.am,Scream & Shout,0
0bepN1aLm6jwU8vPQEuQF5,Usher,Scream,0
2LvRR121MWFmmEGkuV2vQP,B.o.B,HeadBand (feat. 2 Chainz),0
2rAIAYM0rIeWCKiO7joedh,T-Pain,Best Love Song,0
5QfQKhvdcxPgp68O0S39FV,T-Pain,Dan Bilzerian,0
62zFEHfAYl5kdHYOivj4BC,Pitbull,International Love,0
7wGoVu4Dady5GV0Sv4UIsx,Post Malone,rockstar,0
3QiAAp20rPC3dcAtKtMaqQ,Elvis Presley,Blue Christmas,0
4XTuSMs47SIg35KxhNIUGe,Fleet Foxes,White Winter Hymnal,0
0EMmVUYs9ZZRHtlADB88uz,Dexys Midnight Runners,Come On Eileen,0
57DKmLJBRI5ZtiCgLUQMZY,Edwin Starr,War,0
4hjuUelurEBKlqpJPJ77Iw,Natasha Bedingfield,Pocketful of Sunshine,0
7yMnml7zdYl5LlDFZPm5Hd,Jonas Brothers,Burnin' Up,0
7bLBekAdZXj48UVI0QpJbO,JoJo,"Too Little, Too Late - Radio Version",0
2Xcvt8NRLw0xbB3ClfW8MI,One Direction,Temporary Fix,0
46LDfGrOIJF85wfRZLrfbM,Gorillaz,Ticker Tape (feat. Carly Simon & Kali Uchis),0
1venpPIzDTmjPBSVsM1IhB,Gorillaz,"Out Of Body (feat. Kilo Kish, Zebra Katz & Imani Vonshà)",0
2C0KFbb4v9CNWR5c9jWcKC,Gorillaz,Andromeda (feat. DRAM),0
4Hff1IjRbLGeLgFgxvHflk,Gorillaz,DARE,0
6mb6lVLNrcUgLnEN8QnDJd,Auli'i Cravalho,How Far I'll Go,0
1fOkmYW3ZFkkjIdOZSf596,Frank Ocean,Pink Matter,0
4YZbVct8l9MnAVIROnLQdx,Frank Ocean,Forrest Gump,0
4v094LQ9eF10k2O2Te2ngK,Niall Horan,Too Much To Ask,0
1EaKU4dMbesXXd3BrLCtYG,Kendrick Lamar,ELEMENT.,0
3DK6m7It6Pw857FcQftMds,Kanye West,Runaway,0
0jx8zY5JQsS4YEQcfkoc5C,Chance The Rapper,Angels (feat. Saba),0
4sNwdacKyi2S26WrRtNama,Marina and the Diamonds,Oh No!,0
7Lf7oSEVdzZqTA0kEDSlS5,Justin Timberlake,Cry Me a River,0
5JLv62qFIS1DR3zGEcApRt,Katy Perry,Wide Awake,0
4WUduEPZZG6wiE9B5IklnY,Grouplove,Let Me In,0
7BqBn9nzAq8spo5e7cZ0dJ,Bruno Mars,Just the Way You Are,0
0JEqGkvUiMTQmFY6sgL9kg,Alicia Keys,No One,0
5sUlaoVcLPk2Wr695jp6dd,T-Pain,Bartender,0
64yrDBpcdwEdNY9loyEGbX,Green Day,21 Guns,0
1kJtfldK9F7XmsSiSNlbth,Kesha,Woman,0
7DsX5K72fewVGb47qj7Tbg,Sam Smith,Pray,0
6cpk00i5TxCqSeqNi2HuIe,Maroon 5,One More Night,0
1ZHYJ2Wwgxes4m8Ba88PeK,Kanye West,Monster,0
4r8lRYnoOGdEi6YyI5OC1o,*NSYNC,Bye Bye Bye,0
6MdqqkQ8sSC0WB4i8PyRuQ,Blackstreet,No Diggity,0
4rMNgxEwGWoPHIUcvB5BrB,Bruno Mars,It Will Rain,0
25khomWgBVamSdKw7hzm3l,The Weeknd,The Hills,0
59WN2psjkt1tyaxjspN8fp,Rage Against The Machine,Killing In The Name,0
4EnkwZd0UJAuHpNMMemQaA,Semisonic,Closing Time,0
01uqI4H13Gsd8Lyl1EYd8H,Macklemore & Ryan Lewis,Same Love - feat. Mary Lambert,0
6olUplztLFFfU7fMYmFXOP,Childish Gambino,Sober,0
3ge54HUrk1ht3EX5SMhIzZ,Meghan Trainor,NO,0
0SeMmdPt7Ksu1fIAgnPIOG,M83,Raconte-Moi Une Histoire,0
3rTnGUeDrnZV22DvRuUuXr,M83,Wait,0
78AaMLOriBZuohWdUV3IzE,Tune-Yards,Bizness,0
3AXoBagRfCVOLokemf3xNu,Santigold,The Keepers,0
2PtBhfoPZ6VYtXkrE5FrCH,MisterWives,Reflections,0
6n1zT8W5EaIYvWIT2DyROL,Blitzen Trapper,Furr,0
3hOpkEWM4HzUVpT2vKrTm3,Israel Kamakawiwo'ole,Over The Rainbow / What A Wonderful World - Medley,0
5v7Eh9qFbUPcjjF7xbLB7l,Local Natives,Airplanes,0
6mapJIPnQ23RTAevUoE0DL,Rae Sremmurd,Swang,0
0Fv5N0cHBsl4bzCbollCAS,Big Sean,Moves,0
2xbI8Vmyv3TkpTdywpPyNw,PnB Rock,Selfish,0
2h3i5tGUl6hMu572umjcGo,Wale,Running Back (feat. Lil Wayne),0
5v7kaZNsnyByrSJOfO8gKq,Kodak Black,Skrt,0
0H8XeaJunhvpBdBFIYi6Sh,Post Malone,Deja Vu,0
1zusIxNqJu8i4g6P6hJ2Qa,Duffy,Mercy,0
3NDPcoeno6oasqi6Hs75Ax,Melanie Martinez,Alphabet Boy,0
6EsBn1Md8C5YdbCzvwvZq8,The Offspring,Self Esteem,0
3xxmjMvJsSR3L7mUOxP9QA,Noisettes,Never Forget You,0
1Zqy9bervYUomy12Pbm3rP,MGMT,Time to Pretend,0
3G3EvGRQUgyhn5icKOiiFP,Spoon,The Underdog,0
6mVD1SfTvlFAPVi7txFL5H,The Strokes,Machu Picchu,0
3LfO09R3zh96w0qGURCvrr,Young Rising Sons,High,0
50fCm9Wuerl1Ram0FUDEaL,Houndmouth,Sedona,0
0scQIzgcOhnmfqfOTpRUFH,Hippo Campus,Suicide Saturday,0
0NWQTyapmz4GuDTSN9xTB7,Zedd,Candyman,0
6jrMVRReY24qzCfe1BRrww,Two Door Cinema Club,What You Know,0
6NDt5z8GKIHub37hBQ4x18,Bob Moses,Tearing Me Up,0
5JtPGzRgrWxkXX9LoROq3d,Phoenix,1901,0
7BHPGtpuuWWsvE7cCaMuEU,The Kooks,Naive,0
2TRFIQpTqq12xGpFJEr0Ft,Fifth Harmony,Worth It,0
4Z3qm2aWGTJuJKnv3EWwyD,Daya,Hide Away,0
3kSXn1osC89W8JcPLozTzs,Rachel Platten,Stand By You,0
74Xdx4ezYQQlg8wKswq25T,Shaggy,I Need Your Love,0
07BAaeVwEwkzQrE3qJxJ5S,Nick Jonas,Jealous - Remix,0
1Je1IMUlBXcx1Fz0WE7oPT,Spice Girls,Wannabe - Radio Edit,0
5jPyymL6gQyJNMMnMX1IMx,Kesha,Die Young,0
3zBhihYUHBmGd2bcQIobrF,Otis Redding,(Sittin' On) The Dock Of The Bay,0
44AyOl4qVkzS48vBsbNXaC,Elvis Presley,Can't Help Falling in Love,0
0tV8pOpiNsKqUys0ilUcXz,Andra Day,Rise Up,0
6lpWMtQoGqQyEZuyIwhbkO,Coldplay,Every Teardrop Is a Waterfall,0
7sBXn81KPG6oUnlYobdUU3,Ellie Goulding,Beating Heart,0
5Ph2oeskX0U9IwhsBY2zKj,Gavin DeGraw,Fire,0
4yFEz5j53bnYoavrMqJY6i,Bastille,Of The Night,0
0Tel1fmuCxEFV6wBLXsEdk,Ed Sheeran,Kiss Me,0
45wBTYlOx3FsuFluuuRRQh,Ariana Grande,Love Me Harder,0
6Z9FNZ414aQrT7k5zSTIKY,Bruno Mars,Young Girls,0
1sNSG13fsK6KPKKNIQXXrh,DJ Snake,You Know You Like It,0
6CohXotXOrMVAB0bSPzqzm,Marcus Marr,The Trouble With Us,0
5b9iBVhfYxDF4JJcHrNIx5,Glass Animals,Gooey,0
43hHjvaO9brl5t7ywedeyx,Trey Songz,Dive In,0
7s1upm7yr7ZjrzXMwHawtG,Marvin Gaye,Sexual Healing - Kygo Remix,0
7cvkXf3AwPGT041PyOi5VX,Beyoncé,Dance for You,0
69QIVIjPMnI1ABLBqh9P1b,Keith Sweat,Twisted,0
61sQYdFNS6sEBYCyr1q5gn,Boyz II Men,I'll Make Love To You,0
1m2xMsxbtxv21Brome189p,Joe,I Wanna Know,0
6SdPDNYIs34H0MWBrrfH6T,Keith Sweat,I'll Give All My Love To You,0
2U5NrHirVZusBLQlohTbnZ,Usher,Climax,0
0828kFWjAE5Da3XtE998iw,K CAMP,Money Baby,0
1pzJboOZaDNwshBnOlNh3a,Beyoncé,1+1,0
0y1QJc3SJVPKJ1OvFmFqe6,Kaleo,Way Down We Go,0
50woGYhAqV3KXvO1LG4zLg,Andrew Bird,Fake Palindromes,0
072XFpSbDJPCRxILkfUbxp,Nathaniel Rateliff & The Night Sweats,Howling At Nothing,0
6ZygaqgtPkiahkiYJhYWhn,The Kooks,Seaside,0
3qBn2YAFbX16coGmScr7Y5,AURORA,Conqueror,0
6VKqeLCP8GwsqVNgxOE59f,Florence + The Machine,"No Light, No Light",0
0SoRzzXD7NRB4Oa7Y7sxUy,Barns Courtney,Glitter & Gold,0
1BP617VnYByf7FzCnLEjbg,Ariana Grande,Best Mistake,0
0wfbD5rAksdXUzRvMfM3x5,The Chainsmokers,The One,0
2EWpa5XnAuSn0sIkSSIhYk,The Revivalists,Wish I Knew You,0
14OxJlLdcHNpgsm4DRwDOB,Tove Lo,Habits (Stay High),0
7kqcudBGM74MXVoYMaoWkC,Chris Brown,Loyal,0
0grFc6klR3hxoHLcgCYsF4,The Black Keys,Howlin' For You,0
5cS9jJbwirKrdDIbbAExUz,T.I.,About the Money,0
6UjfByV1lDLW0SOVQA4NAi,Drake,Gyalchester,0
6H0AwSQ20mo62jGlPGB8S6,2 Chainz,It's A Vibe,0
7iDa6hUg2VgEL1o1HjmfBn,Bebe Rexha,Meant to Be (feat. Florida Georgia Line),0
6U8EShYiwNNrGogCxTeFm2,Amber Run,Haze,0
1Dr1fXbc2IxaK1Mu8P8Khz,Green Day,When I Come Around,0
1AHfovSnGPVYKaahRtA0U6,Nas,The Message,0
7gar9J7OVfmOVPilkwWODC,Kelly Clarkson,Catch My Breath,0
5UdicZrmNt418AmwNixCJP,Jazmine Sullivan,Holding You Down (Goin' in Circles),0
6JjEVlMkfHWMeYavkEYzNO,Nebu Kiniza,Gassed Up,0
4lJ6YVXQ0jUk5ILu0PSrA4,Faces,Ooh La La,0
1MD4tX2g5hx0D2WQ6JsC2m,Nico,These Days,0
0V4l4GQhgnWQGtCWpvA7va,Drake,Crew Love,0
48s0QHJgmiNsth3WEO6U4M,OneRepublic,Stop And Stare,0
4MV8yeKSsls4xev14yDXL6,TRXD,Our City,0
6PJ8FF6UR8FZXfEvpHkIVN,Ed Sheeran,How Would You Feel (Paean),0
2CAAwb9GbvargmIqQ08fqC,Machine Gun Kelly,Let You Go,0
0mt02gJ425Xjm7c3jYkOBn,Lana Del Rey,Lust For Life (with The Weeknd),0
0lMbuWUpfTWhEmOKxppEau,Calvin Harris,Rollin,0
4v9VnkBuQHP6sGYaDJwNfV,Machine Gun Kelly,27,0
2kVHAQKVtczchKctctzbtK,Katy Perry,Swish Swish,0
2Za1AlJNvksouPPWbXpR2X,Macklemore,Good Old Days (feat. Kesha),0
1zCi4cVFqe6ja16MeGZKRN,Kendrick Lamar,Poetic Justice,0
4kNvYhyl8R6m1vykVkcuBu,Drake,All Me,0
6m9qPYXmhge2QhBLfFKnVF,Chance The Rapper,Same Drugs,0
2fQrGHiQOvpL9UgPvtYy6G,21 Savage,Bank Account,0
5WQQIDU3HRaMyPkob8mpFb,Rihanna,Where Have You Been,0
6tRgU1BZLUf9H1p0YDpP4e,Bishop Briggs,The Way I Do,0
5UzrHG9CEDqnTdo5pVh6Es,Ella Vos,You Don't Know About Me (R3hab Remix),0
0HDJk7Sz8DpCsiJR1sjhEO,Miguel,Do You...,0
2pJZ1v8HezrAoZ0Fhzby92,Ed Sheeran,What Do I Know?,0
5k7KtLUFDlawcjyvo5NpnT,Sage The Gemini,Good Thing,0
1ysAvOdJgUjc6CqOQxepaz,Post Malone,Money Made Me Do It,0
3WRQUvzRvBDr4AxMWhXc5E,Petit Biscuit,Sunset Lover,0
6WAxKNbZoGNzQTIvdMqkFs,Rihanna,Sex With Me,0
1TOiDnIY8HgPyDLSR08QXq,Zara Larsson,What They Say,0
000xQL6tZNLJzIrtIgxqSl,ZAYN,Still Got Time,0
3WjyiSbfR74pjWXQ3IaFKJ,Jeremih,Impatient,0
42CeaId2XNlxugDvyqHfDf,Post Malone,Candy Paint,0
6yHkPtl6UQ7RjtJLBPzbJw,Future,Selfish,0
00lNx0OcTJrS3MKHcB80HY,Jax Jones,You Don't Know Me - Radio Edit,0
5qbcsZMwL0x46sX7VO37Ye,NAV,Up,0
5EnYT6F7wEcdege6mDHEfO,Drake,Signs,0
43hDboyy6vJ6z2Jx5sHnCF,Cashmere Cat,Love Incredible (feat. Camila Cabello),0
0Zx8khUcEfCFK2AEoIhC92,Snakehips,Don't Leave,0
1g1TeDflB6atAy7HKwrzXu,Kesha,Learn To Let Go,0
0jiW3PNiHJxOhWh9oPBJ7m,NAV,Held Me Down,0
5fiXA27viyX9WkPSHNr4HZ,Rachel Platten,Broken Glass,0
21AHQlJa5Q0s1Jx2PeulUD,Dillon Francis,Love in the Middle of a Firefight,0
5oUV6yWdDM0R9Q2CizRhIt,The Shins,New Slang,0
3n69hLUdIsSa1WlRmjMZlW,alt-J,Breezeblocks,0
2RWs4c3ZJ74WwXlVC3QCQN,Rihanna,What Now,0
3ZOEytgrvLwQaqXreDs2Jx,Red Hot Chili Peppers,Can't Stop,0
0sFvItEeMstcUyZCleYgyj,Jeremih,All The Time,0
2xc2Qzq0IyWsIbbcihWzzI,Daya,U12,0
3nVDOYBJpdCkRR6r1DbZum,Aminé,Wedding Crashers,0
3axkNosdVQLZiq1HakuGhc,Beyoncé,Countdown,0
6JG0qhINKVwiHxqN85j7RG,J. Cole,Crooked Smile,0
0q75NwOoFiARAVp4EXU4Bs,SZA,Love Galore,0
0jdny0dhgjUwoIp5GkqEaA,Kesha,Praying,0
7675gjlUZzneYiMrQ9Inx8,Lukas Graham,Mama Said,0
0or0gNaKAXYYCsOrpvRzAu,Lorde,Liability,0
1wYZZtamWTQAoj8B812uKQ,Alessia Cara,Here,0
3iVcZ5G6tvkXZkZKlMpIUs,Kendrick Lamar,Alright,0
7MTIDmToGs0I5Oue9V0CHl,Post Malone,Feel,0
0QdyqVGmNIEqxIMTFXvvO3,Fat Joe,Heartbreak,0
5DLTuH4A5VZB2HKpqHQR6t,Post Malone,Patient,0
0ESJlaM8CE1jRWaNtwSNj8,Travis Scott,beibs in the trap,0
1sYSP7gKa5kdKIfhANfori,MAX,Lights Down Low,0
1lntL1cI2UIWlxjL5QiN8g,Lauv,The Other,0
54i6YAQkZImwWjmzPrQeqd,LANY,pink skies,0
0lpRp9KzzMbC0w1uiL7H7f,Kaiydo,Fruit Punch,0
0dPBlz8N0veeceejtuvpPz,LANY,ILYSB,0
6fTdcGsjxlAD9PSkoPaLMX,Donnie Trumpet & The Social Experiment,Sunday Candy,0
5hgnY0mVcVetszbb85qeDg,Beyoncé,Partition,0
2yrJ1jWo3HLksJFUqUsZE4,Lorde,The Love Club,0
6rnl5HwEvhsD3wZ6MXZzBp,Jack & Jack,Like That,0
5OTH21tpmWn9YL3XzfB8AX,LANY,"Bad, Bad, Bad",0
2sJGQipVS9ueplaND1TvjT,Lauren Daigle,Once And For All,0
1V3eyBz3pfkn9lBOlfle4x,Hillary Scott & The Scott Family,Thy Will,0
71EXLKTSaMfBnbZEDN5ZDC,Panama,Jungle,0
4bhoQCNYx5TjINvtSMiaAb,Parra for Cuva,Fading Nights,0
4uQ7wYsuL0DryknoDc11Hk,Vince Staples,Norf Norf,0
1EALzILzmIPtRIvYyo6Lwm,Car Seat Headrest,Fill in the Blank,0
1Uq3IOIy1CUlHUgP6vWpum,Chance The Rapper,Smoke Break (feat. Future),0
0ZpBPavoID3eDbaXKSWpAD,Francis and the Lights,Friends (feat. Bon Iver),0
3lBRNqXjPp2j3JMTCXDTNO,Beyoncé,Best Thing I Never Had,0
1Z4UKak2eNteHFZkwiYPNz,Marian Hill,One Time,0
3VCmztoNt9AMNFnh70na3d,Tove Lo,Not On Drugs,0
5VIUVUvwHPM2vJaQpznd5W,Alicia Keys,Fire We Make,0
1QQfaiXS55IQt0kojVUvTP,Luke Bryan,We Rode In Trucks,0
2HBanw3xVQSWrdOtPfjsnK,Bob Moses,Tearing Me Up - Edit,0
4X3qGigyU6ARi3HP4lWD95,Goldfinger,Superman,0
2N3U8uTYhjX2KwGT0pf5x0,A$AP Rocky,Everyday,0
4E92bmgFiHxvy2SNjXjC3b,Big Sean,Blessings,0
4zGvb8hxGLB2jEPRFiRRqw,Childish Gambino,Bonfire,0
24ICws33LDgGTTAbNIl1IM,Lady Antebellum,"Let It Snow, Let It Snow, Let It Snow",0
4Lbcam6lYt4iMKZikfeIJZ,Lady Antebellum,The First Noel,0
3qPX3r2k0ioIzM7f7u1CX3,Lady Antebellum,Christmas (Baby Please Come Home),0
43ZyHQITOjhciSUUNPVRHc,Lil Pump,Gucci Gang,0
7FIcV2kEiO2mvvMbxU5Jkn,Johnny Cash,The Little Drummer Boy - Mono Version,0
3IV8xIrnjv7TdJY6KUmdrD,John Denver,Rudolph the Red Nosed Reindeer,0
2uFaJJtFpPDc5Pa95XzTvg,Dean Martin,Let It Snow! Let It Snow! Let It Snow!,0
4MrfQL4TYQXJBlZYpAHTuE,Dean Martin,"Baby, It's Cold Outside",0
7N2hNvCF606dEcaloV1j38,Frank Sinatra,Jingle Bells,0
6tjituizSxwSmBB5vtgHZE,Michael Bublé,Holly Jolly Christmas,0
0tXPhc8LvM4dPvoRwI66XQ,Michael Bublé,I'll Be Home For Christmas,0
7aXuop4Qambx5Oi3ynsKQr,Usher,I Don't Mind,0
7nYvUtkQMx1v80S2FH2s9J,Warren G,Regulate,0
27ebni0DfbT5Owz6W42HP8,Yandel,Nunca Me Olvides,0
07YFRv1Rj2iTtA7NY3CTcY,Zion & Lennox,Embriágame,0
7Fl3wSxRqBljyQH8dJSz9c,Gente De Zona,Traidora,0
22UQelxzCIskdmb8pIqq8U,Mumford & Sons,Babel,0
0YlUnqnC63U8hRGOkDDHie,Jerry Douglas,The Boxer,0
4rzWrb9KT2v71cyuHhcbJY,Mumford & Sons,Where Are You Now,0
0lsqtZVyovtBSQtWdD44LH,Calvin Harris,Sweet Nothing,0
3uF6eC9CN8q7FaK4DrYYwx,Anna Wise,BitchSlut,0
2hV7ux2OO5yRKCHd6G8CZQ,DEV,Bass Down Low,0
4Uc6BcPeBKfZUlX6jhumGv,Shakira,Can't Remember to Forget You,0
3tRFqxTYOjeTmCiVaGDCsq,Ariana Grande,Be Alright,0
1uBpF7FbFNSNnqCaKJlGuM,Zac Brown Band,The Wind,0
0tQfrNzsjBDR2LKO76fiog,Lady Antebellum,Can't Take My Eyes Off You,0
1e1JKLEDKP7hEQzJfNAgPl,Playboi Carti,Magnolia,0
4knL4iPxPOZjQzTUlELGSY,Yo Gotti,Rake It Up,0
36c4JohayB9qd64eidQMBi,Daft Punk,Doin' it Right,0
0dEIca2nhcxDUV8C5QkPYb,Daft Punk,Give Life Back to Music,0
6V58LMEeGuOfLkCRJKnItb,Phil Collins,Two Worlds,0
0loKEMa9DP6mLibdFMe6Uv,Phil Collins,You'll Be In My Heart,0
1m1lMBFsQmFHNEceXYHL0K,Phil Collins,Son Of Man,0
3E99KpWAcYEnj64e86y6u9,Phil Collins,Strangers Like Me,0
01iyCAUm8EvOFqVWYJ3dVX,ABBA,Dancing Queen,0
4Z80C8NlDd1AO4axf1O3n0,Bruce Springsteen,Rosalita (Come Out Tonight),0
3husjxyCMBvNeiTEcrpPSe,Rihanna,Unfaithful,0
0qSkffeyk2FEIumqDgsYP1,Air,Playground Love (with Gordon Tracks),0
1yoO94wPL8khknS04ltxkn,Parra for Cuva,Wicked Games,0
0k93MXOj0kSXo84SvSDeUz,Duke Dumont,Ocean Drive,0
2dqLk7ezV15LEJEwUmEbXB,Marian Hill,Down,0
5ecZWU5uQOiCVSnPxBZNmT,Miley Cyrus,7 Things,0
7zTx8ePYAmPFQuxP3xlXZn,San Holo,Light,0
39RWgrQOBCLQH88wy0TBm9,Rick Ross,Sanctified,0
2rqUblDWJKlMVwh9uJc0Vv,A$AP Mob,Yamborghini High,0
1JO1xLtVc8mWhIoE3YaCL0,The Turtles,Happy Together,0
54X78diSLoUDI3joC2bjMz,Prince,Purple Rain,0
4r8hRPbidDIoDPphxi78aY,Duke Dumont,I Got U,0
1vyrrrnb7182SL6iOMor3O,Daughter,Youth,0
3asFGFY3uLjMDmML1p0tYm,Rise Against,Savior,0
7j31rVgGX9Q2blT92VBEA0,My Chemical Romance,Teenagers,0
3rq5w4bQGigXOfdN30ATJt,Arctic Monkeys,Do I Wanna Know?,0
6jA8HL9i4QGzsj6fjoxp8Y,Martin Garrix,There for You,0
1eL8wZKx7CVJVbZG12becL,Wiz Khalifa,You And Your Friends (feat. Snoop Dogg & Ty Dolla $ign),0
7GZKme55JpmLq3alBDQm11,All Time Low,Dirty Laundry,0
5Q4H1XkVHxQjnrHCUpS61d,Panic! At The Disco,Nicotine,0
5KWV7S3osWbeOMPHCeWVyK,Jidenna,Bambi,0
0WbhYfpQN3ay2XqKzggGOJ,Chris Brown,Don't Wake Me Up,0
0LohatbcUXRauoeMlR1jnS,Nicki Minaj,Pound The Alarm,0
3Uw0h4GVLVjoUEToSWe0gY,G-Eazy,Almost Famous,0
7aqZOG8sgW8vDQjyfSNpRj,Troye Sivan,Happy Little Pill,0
39lSeqnyjZJejRuaREfyLL,Duran Duran,Hungry Like The Wolf - 2009 Remastered Version,0
1vhNjOtmfgoGy4J6ijCUSS,Steve Winwood,Higher Love - Full Album Version,0
79Fdz2IcUMGzdcLWUvtELs,Brad Paisley,We Danced,0
7oiCqfE8Wjk8wf0pFTgL2H,Josh Gracin,Nothin' To Lose,0
62hfdATBhYxe6y7vPUhLwn,Mumford & Sons,Holland Road,0
42qh86p7TLXyumxSHn65kc,Beyoncé,Party,0
2HQerWGTwJfTtOlJ3OA2Yn,Pentatonix,The First Noel,0
5u7JGFtQNT0Zj7TOykBS7s,Vampire Weekend,White Sky,0
5329hKonR0ej5Tq4xmz5gD,Vampire Weekend,Unbelievers,0
161DnLWsx1i3u1JT05lzqU,Bruno Mars,Talking To The Moon,0
6HePVKyIeL20JWLVthsU9c,The Black Eyed Peas,Just Can’t Get Enough,0
2T4u39au5RJzsulMUpRuVr,The Black Eyed Peas,Meet Me Halfway,0
3xx0jE52PbtvwXgNaBUdch,Randy Travis,Deeper Than The Holler,0
5pxwZSyZlias88fmxGTaYN,Toby Keith,A Little Less Talk And A Lot More Action,0
0PsBdKWnOQGMo9smobflvy,Mark Chesnutt,Bubba Shot The Jukebox,0
3jVtllWS5CFFWLQng8sKsr,Tinashe,2 On,0
0ntQJM78wzOLVeCUAW7Y45,Kings of Leon,Sex on Fire,0
2jnvdMCTvtdVCci3YLqxGY,Two Door Cinema Club,Undercover Martyn,0
6TzJLISIitIzn1WtjDY0Op,Panic! At The Disco,Hallelujah,0
4WMuY659P2MKnoW40oGXe8,Portugal. The Man,Purple Yellow Red and Blue,0
7brQHA2CgQpcMBiOlfiXYb,The Neighbourhood,Afraid,0
1GBknQ67DCfKTPms1dw9EW,Hannah Montana,Nobody's Perfect,0
6GQuF9vzJAVs7fYN9ftBdP,Beyoncé,Diva,0
5V4kOEjDBLt4oe2cPSXW9V,Carousel,Let's Go Home (Sound Remedy Remix),0
42TrdbXsmLybxUGJczYbrJ,The Knocks,Classic (feat. POWERS),0
2gpytjWqJVE3LICibhEUaK,Michael Calfan,Treasured Soul,0
2Vhd5uZB4brKHmM0MNxkZo,Kygo,Raging,0
2C2Bz7sauB37bnacn2KQyF,Dom Dolla,Define,0
2q0VexHJirnUPnEOhr2DxK,Frank Ocean,Biking,0
1NNAI51EuoRWw1ydX1zV7S,Maroon 5,Daylight,0
63WMvjq3EQ7J5S1FLtr9ny,Ciara,Overdose,0
3YKptz29AsOlm7WAVnztBh,Seal,Kiss From A Rose,0
7FCfMXYTIiQ9b4hDYs4Iol,Dua Lipa,Be The One,0
6gU9OKjOE7ghfEd55oRO57,SZA,The Weekend,0
0XyeD5XgusMHQlEVlUfxSn,Bishop Briggs,Wild Horses,0
5O4meQrvNMz9QmjXXiHnqH,Run The Jewels,Legend Has It,0
4KAhc69yQjKk9cZUMxZ3n9,K.Flay,Make Me Fade,0
4eSGSqP2TZvvX0kadZZttM,Drake,Doing It Wrong,0
2nMeu6UenVvwUktBCpLMK9,Lana Del Rey,Young And Beautiful,0
4ZIb6YivyYtpOD0Ur7kDEP,Kanye West,Only One,0
7fex2V7RzWl9nCKyILjibB,Jessie Ware,Say You Love Me,0
3mogmakkKiKWOB0tVj1X9i,Jalen Santoy,Foreplay,0
047fCsbO4NdmwCBn8pcUXl,Drake,Marvins Room,0
0CKmN3Wwk8W4zjU0pqq2cv,Bruce Adler,Arabian Nights,0
4wN8Ov3kPZdkJ8XcYxYUGz,Brad Kane,One Jump Ahead,0
5VIfacsWytkcgr7aTt8Tql,Lea Salonga,A Whole New World,0
5BEItY9of9nR4zj51JO0jU,Jonathan Freeman,Prince Ali (Reprise),0
0Q4a3PdGEME9w8Jgqa0Gf3,Chorus - Beauty And the Beast,Belle,0
6mDxu0xwhv5tn1oMTNUypu,Robby Benson,Something There,0
2rJFFUEl1LURkV0b0OARXx,Angela Lansbury,Beauty and the Beast,0
6P316E7tFylzpVrDrXVF9s,Judy Kuhn,Just Around The Riverbend,0
6LBfozDVA7crIeuaPAVVlE,Phil Collins,You'll Be In My Heart,0
5Ber68jZ7ytegr2UISEdb7,Michael Bublé,Santa Claus Is Coming To Town,0
2gbCG4Rt9984UZ7Tc0dIFd,Michael Bublé,White Christmas (Duet With Shania Twain),0
0xPaZrF25ltzvz1a2Pm5DQ,Michael Bublé,All I Want For Christmas Is You,0
6DwnAl6l63e83dDgIzY8P4,Michael Bublé,Santa Baby,0
1DnSNqCQM3LUxqFuXt184Q,Michael Bublé,Have Yourself A Merry Little Christmas,0
66WPXyhXqMlkM1kZhyEXWK,Michael Bublé,Christmas (Baby Please Come Home),0
1sFWEpf1aPYN576LS1aa4Y,Mariah Carey,Silent Night,0
3B7FO3kJ5kv3mX7yiaB7sT,Mariah Carey,O Holy Night,0
1f2lkuLldqRzvaFjJdjGXX,Mariah Carey,Santa Claus Is Comin' to Town,0
74VQqRHWXDUyErPqwdeG5D,Mariah Carey,Hark! The Herald Angels Sing / Gloria (In Excelsis Deo),0
5aTnHLb3N64yshgD8i5Emn,Danny Gokey,Tell Your Heart to Beat Again,0
5t35FJYwzRt9MG3ae2O41L,Casting Crowns,Just Be Held,0
05E73gk08h7ECa4RjvcYwB,Roz Ryan,The Gospel Truth II,0
6O0BuobS0C8fe9NOPXdyZX,Danny DeVito,One Last Hope,0
4gIKec1woB9bIWIG8K7SZn,James Morrison,I Won't Let You Go,0
7aliOjqVEBd3ZZ8NMkuifd,Florence + The Machine,Shake It Out,0
1rP0i0H2YuOFBpQ9WUZY4U,The Head and the Heart,Shake,0
5RoIXwyTCdyUjpMMkk4uPd,The Temper Trap,Sweet Disposition,0
068LmtzI6xJJDPfPnMje0U,Tame Impala,Let It Happen,0
5M4yti0QxgqJieUYaEXcpw,Tame Impala,Eventually,0
52ojopYMUzeNcudsoz7O9D,Tame Impala,"New Person, Same Old Mistakes",0
5q8oybjZelukF4h0CzSUN9,Skrillex,Scary Monsters And Nice Sprites,0
2Hyi5qmwDUy6jFVicDKo0a,Bassnectar,The Matrix,0
2EQhNdnP2LT96NnkkKkm0N,Bassnectar,Bass Head,0
3V2cgvvI483DKomiZBYsAA,Skrillex,Bangarang (feat. Sirah),0
6dNJ3lasVLPd0078T9yqlm,Wolfmother,Joker And The Thief,0
0bXFIF7iL17TYLyx8JHziM,Kodak Black,Patty Cake,0
3DABg6RvNc3p0gkS7PiEO9,The Black Eyed Peas,Let's Get Retarded,0
67WTwafOMgegV6ABnBQxcE,fun.,Some Nights,0
3Q9t1A12iUemHTAWnH7PjD,Tracy Byrd,Watermelon Crawl,0
5W7xC99N2Zzfh69r7I7zWK,Rick Ross,Aston Martin Music,0
5VWmMZCfJ4yVkJw9ZLFXej,Plain White T's,"1, 2, 3, 4",0
3RVupqMb1zXl8FNG9TlWBZ,Fleet Foxes,Mykonos,0
74HX1HcsR135apNYpHUUZj,O.A.R.,That Was A Crazy Game Of Poker,0
2qPUnoasNe4Ep43emVXEig,Travie McCoy,Billionaire (feat. Bruno Mars),0
3zQ4t4cmfM6DuP0j79POrV,Bruno Mars,Gorilla,0
7hTINtDW5V8tWMJvi4HH7v,Bruno Mars,If I Knew,0
0kN8xEmgMW9mh7UmDYHlJP,Bruno Mars,Versace On The Floor,0
5WSL7UTa38jMWoBzObD4BD,Flux Pavilion,I Can't Stop,0
6roC9pJBDZDzczW0WJlnBd,Bassnectar,Hologram,0
7x8dCjCr0x6x2lXKujYD34,Foo Fighters,The Pretender,0
5Pw7N0X98heh5jfGmfO8j9,Big Daddy Weave,The Lion and the Lamb,0
7BTmtN6bP35E54vVASTqao,for KING & COUNTRY,Priceless,0
0fPwregqch9wLJj4yQH6Bk,Elevation Worship,Here as in Heaven,0
1OYOLWqKmhkFIx2KC9ek1a,Judy Kuhn,Colors Of The Wind,0
5E8yddtSG3sH4hw2SfwcgW,Joseph Williams,Can You Feel The Love Tonight,0
4kfm1uI9QGaoN9qm6CkAMn,Linkin Park,What I've Done,0
01a0J96fRD91VnjQQUCqMK,The Offspring,The Kids Aren't Alright,0
3IvcWWehbBcBR4YZxlGM9R,Tim McGraw,"I Like It, I Love It",0
4VkgY55sUbfszX3XjS3LxW,Johnny Cash,A Boy Named Sue (Live in Denmark) - Live,0
0c4IEciLCDdXEhhKxj4ThA,Muse,Madness,0
6D5pfooPP6hi99RaXjkDsP,Lana Del Rey,Summertime Sadness [Lana Del Rey vs. Cedric Gervais] - Cedric Gervais Remix,0
3x94KfC5QAsqFKjUGQBH4k,Bassnectar,You & Me (feat. W. Darling),0
6808fuj56HYDOND2CpyqsT,RÜFÜS,Sundream,0
0IFV9VPRBvqpUP52ksLzzE,Porter Robinson & Madeon,Shelter,0
03OTf5ZmbAt28uhIr3n7I0,Grabbitz,Float Away,0
5gUoppDphfYsIiguGr5drh,Aaron Y Su Grupo Ilusion,Todo Me Gusta De Ti,0
2z1o3f89JMMzneTQXT8e0w,Alan Menken,Overture - Broadway Cast Recording,0
1WIZiOuNO3woKfdlSK2gNn,Kodak Black,Transportin',0
1zCoCopxgQmozHBuuyfW2K,Phillip Phillips,"Gone, Gone, Gone",0
6vt0I1cw1YmAIKDJvHVIM5,Justin Timberlake,Suit & Tie,0
5xZjfKSfTooDP2rcAgjxlH,fun.,Carry On,0
0Iahiy5y1VEmuwTFb65tG8,Elevation Worship,Give Me Faith,0
6MU3ZTQNkV9mUcTSHgoxjr,Alabama Shakes,Gimme All Your Love,0
5n0CTysih20NYdT2S0Wpe8,Cage The Elephant,Trouble,0
60ZZNXIdwgUGkVGRt7foLT,GoldLink,Late Night,0
7l9CE3wmEGOUYw1j4ETjnL,Gorillaz,Saturnz Barz (feat. Popcaan),0
4HW5kSQ8M2IQWZhSxERvla,Aminé,Spice Girl,0
67RNKBsqRiyMOtor2RxfWR,Fito Olivares y Su Grupo,Agüita De Melón,0
6aCxdt2bMItKgGKoznDppY,Hermitude,"The Buzz (feat. Big K.R.I.T., Mataya & Young Tapz) - Bonus Track",0
6OZh916QF8XNunWaP97WEZ,Jonas Blue,Fast Car,0
4TA2nSix6i8K2VV9wt6rUn,LANY,WHERE THE HELL ARE MY FRIENDS,0
6IGA5YrFiEr5ANrMqKkR6H,Bastille,Good Grief,0
3jhligm7HycklC8M3CcXnM,LANY,Good Girls,0
4AewKenHXKBt643p473xCk,BØRNS,American Money,0
5m1QJuaqO5yr5XSh7mhC1s,LANY,quit,0
71eRCfoq3g4qeLNcR75Hig,Wild Cub,Thunder Clatter,0
3ChWkuO3jUggiTTpAMbkyh,LANY,It Was Love,0
2a5Ml671R56tzRB0WMaCfC,HONNE,Someone That Loves You,0
248OFOZef6ShXv6DGgbnxU,Khalid,Saved,0
1Ob94QesoxHSBrypyBbdfd,Khalid,Shot Down,0
0Zge2Kfo3Yd9JOGnAmVPbb,Jaymes Young,We Won't,0
2SDx0PooHZI1SQKR0y44bs,MIKA,Grace Kelly,0
3noN1TxpjbjjmKqssghvg8,Cosculluela,Si Me Dices Que Si (feat. Nicky Jam),0
6ZT3coOj97F6CVvruPtnox,Hippie Sabotage,Your Soul,0
2YK01AIIWuywG24gsbuizE,Post Malone,Congratulations - Remix,0
15EPc80XuFrb2LmOzGjuRg,GoldLink,Crew,0
4XYxBgTd33PjJeiXnwVLwL,Washed Out,Amor Fati,0
3sP3c86WFjOzHHnbhhZcLA,Demi Lovato,Give Your Heart A Break,0
6UAgnw2w3AVwLg1p7sE7v4,Lykke Li,I Follow Rivers - The Magician Remix,0
6HViP4DVYa8gQtxLndmhwu,Møme,Aloha,0
1J9KJgXKFRqKGIzmJ7GjS3,Just A Gent,Limelight - NGHTMRE Remix,0
661y1Uk3VKNR4b9QWC7ziV,Brezy,I Met This Dude at Coachella (feat. Rykeyz),0
3Tny13Wy19lH3octgSKMv3,The Features,This Disorder,0
0kPWjVyvas9lc4oXakOiBj,Discovery,Swing Tree,0
2kqAtjOtQPAR0OiYUJR43k,The Vamps,Can We Dance,0
5Nh8XViPuGZpPfAdcmcr5t,Jack & Jack,Wild Life,0
7Gx0xy1SgKIPB17LigTlta,Jack & Jack,Cold Hearted,0
6qjINKVde9uXugHbv8DWZk,Jack & Jack,Doing It Right,0
51ChrwmUPDJvedPQnIU8Ls,Ed Sheeran,Dive,0
67kXYrMTQbS7MVbXyGyxHm,Khalid,Angels,0
08a6PhXyXeN3lv1DCKW9qY,Spoon,Do You,0
2MVwrvjmcdt4MsYYLCYMt8,The Black Keys,Tighten Up,0
7zeCIWu37bKFJuem8MTyM1,Beck,Go It Alone,0
1jF7IL57ayN4Ity3jQqGu0,P!nk,Try,0
0uQSHrFDVtbQyxNFCwm1EC,MAGIC!,Let Your Hair Down,0
6E69aBnq0hr6cTGBo39cWD,Portugal. The Man,"Noise Pollution (feat. Mary Elizabeth Winstead & Zoe Manville) - Version A, Vocal Up Mix 1.3",0
6B14wYcEpWhyDvxWRb9Df8,Michael Bublé,Silent Night,0
4EZUcj7c8n9pWIwHqN0DoH,Bing Crosby,Do You Hear What I Hear?,0
423yF55nwTUJqNWXqNeLqJ,Mumford & Sons,Whispers In The Dark,0
6cPyTS0Kk2sc4xQwC93kOg,The Chainsmokers,Break Up Every Night,0
6j7hih15xG2cdYwIJnQXsq,Gavin DeGraw,Not Over You,0
5nPdMALTEd7HOjn16oNf2X,Elton John,Don't Go Breaking My Heart,0
0lKTwaoezVFOd1MC6MqViz,Gavin DeGraw,Chariot,0
7JVfDagtyWy9bYsaf37H9K,Ryn Weaver,OctaHate,0
7KSVtsCg3iyU3Qj0XAxqL4,Sam Bruno,Search Party,0
4fykY5EpYRavu87absOh1f,Major Lazer,Be Together (feat. Wild Belle),0
5leOhwmC0JYwAPxo6zGUHP,Alessia Cara,Seventeen,0
0H2BuFu2MuJfnF1yHKjBcp,Naughty Boy,Runnin' (Lose It All),0
6wLtQqYpizaEYrWV1WBxP5,Fleet Foxes,Montezuma,0
4wKrMeRoVaP1CVIBd080YK,Fleet Foxes,Ragged Wood,0
0JNdS1n0ifOP25XvhwAMgM,Lady Gaga,The Edge Of Glory,0
6UsoV6X96Rox9mfxoz7SFy,Walker Hayes,You Broke Up with Me,0
1hQ7QP3sFDVCJQEK3ul4ci,Brandon Flowers,Can't Deny My Love,0
68DcqqXKi0cRlbPlghUhsb,Lonestar,Amazed,0
103Ec6ekbiq6hvUfAK9F8o,Flume,This Song Is Not About A Girl,0
4keTqSG4zdCmsUsK9KXv9z,Gabrielle Aplin,Panic Cord - Hucci Remix,0
7cOKuMZ1zn36nELzNTnee9,Bassnectar,Ping Pong,0
4dVpf9jZjcORqGTLUaeYj9,A$AP Ferg,Plain Jane,0
75p6fgACKYIyIhsoG411SZ,Kip Moore,Hey Pretty Girl,0
1turOniRQ06J1rCyx0B096,Brooks & Dunn,My Maria,0
798GAE5BFFx7yCcloeTpCr,Justin Timberlake,That Girl,0
1KDYN3odJHnj9pqGHN3FVs,Young the Giant,My Body,0
3WT10QitFFmThyMDpjbH26,Chris Brown,She Ain't You,0
6bYd6OijuU8PhXV1reDCmo,Nick Jonas,Numb,0
78RLlRIfPuoSvWPUbJmK6s,Thomas Rhett,Learned It From The Radio,0
3w23sQ5FSzCKEviFYf0nSQ,Flume,Smoke & Retribution,0
22S5BO6h7JIOjg2Uw88l8e,Cash Cash,How To Love (feat. Sofia Reyes) - Boombox Cartel Remix,0
0ZclGXvmfkTFtx39DAFIT9,Yellow Claw,Love & War (feat. Yade Lauren),0
04AYgtKFrpldRXe5y0LNGQ,Marshmello,Ritual (feat. Wrabel),0
6GAhe3wXCDJP1RK5lZLyjX,Flosstradamus,Came Up,0
7tyJFB3jI3zyUNI38rhLUG,Alison Wonderland,I Want U,0
4eP9Et7gkdPf6eeCRNal75,Vanic,Too Soon,0
37F0uwRSrdzkBiuj0D5UHI,The Weeknd,Reminder,0
3MEHpAw1EChQaoZTCkuX3a,Swiperboy,Hello (Remix),0
4RAOI1etsgbh5NP3T5R8rN,My Chemical Romance,I Don't Love You,0
2inBfDjYYj8jRHccLHJjSm,Ginuwine,Differences,0
7AQim7LbvFVZJE3O8TYgf2,XXXTENTACION,Fuck Love (feat. Trippie Redd),0
7J41dYQolQJEtj3UmKLu5r,Usher,U Got It Bad,0
7rSFIblcpjE7b0GA8Ezqda,SoMo,Control,0
5sFDReWLrZHLFZFjHsjUTS,Alice In Chains,Would?,0
5EUsI3LIV042IV5ydksV9y,Mad Season,River of Deceit,0
1vdWa9f50PUI8vbmZsw3yY,Lamb of God,512,0
2CWLbhbetnGxB7JnOK3LNJ,DeJ Loaf,Hey There,0
2QVzUws1l5mzZ4v46tGHrC,Canaan Smith,Love You Like That,0
4CgEARPGRltAQaJr1tRsoE,Chase Rice,Gonna Wanna Tonight,0
3y1t2sEahs8idFz2tiYNPO,Cole Swindell,Let Me See Ya Girl,0
1ZT2SegEiHQz8EeBwe3TH1,LOCASH,I Love This Life,0
6V3wTb4VVDWRw3YEDgc6Py,Kane Brown,Used to Love You Sober,0
77dgyxbuL53WfkLZU3fk3o,Christina Aguilera,Ain't No Other Man,0
336ZYcU6poBWi3s8yzRcAD,Lykke Li,I Follow Rivers,0
0idjTHGhGRBdWTmsalq3tF,Sylvan Esso,Radio,0
78El3zAkN9I0P0J06kn5PK,Bibio,Lovers’ Carvings,0
7Bo0xLcXWx3pdhqwthqGaz,Sufjan Stevens,Chicago,0
5KSJ9k1FYjFLnIRlJT2wF8,Bone Thugs-N-Harmony,Tha Crossroads,0
4vhKRjmiboAhfunCabpXap,Matt Maher,Because He Lives (Amen),0
2yCf80rxfz3Dk7OCAnQvz1,Passion,Even So Come - Radio Version/Live,0
22wEdAfAi35HqfNBCRzaz4,Bryan & Katie Torwalt,When You Walk Into The Room,0
39ziEjZkY05r4uVb9rjd1p,Mickey Singh,Double Addi (feat. Dj Ice & 2 Nyce),0
6AGXnSDmGrJ78K9NHN8AT1,Panjabi MC,Moorni,0
1stjQMCOcvqHNli4efzp2P,Mary Lambert,So Far Away,0
0d1ZmSlIf05gkCPuSPy0Yq,Phillip Phillips,Home,0
7zWj09xkFgA9tcV6YhfU6q,Train,Drive By,0
4zLOwx1yRJXWkHKt1XzF1p,Drake,Now & Forever,0
17CULb9h3QZa1IxJSVT31m,Cosmo's Midnight,Walk With Me,0
0rRjGruFonCGOt0S5zAJNQ,Glass Animals,The Other Side Of Paradise,0
0lVYRIVjK77Z6uG2GgM8Kl,MercyMe,I Can Only Imagine,0
1QBwk6GTCxVdC2hoSw9tlM,Drake,Lord Knows,0
2pA4ip3VIEVcIa3qE02oAX,BØRNS,"10,000 Emerald Pools",0
18hTbh3xszreJlzMmi0Kbi,Porter Robinson,Sad Machine,0
6vRp1EGkh1SE7uGNhbqVjT,Jack Garratt,Surprise Yourself,0
5zkLEeNpJzyXW2CIdUWfKY,Angel Olsen,Intern,0
2E2tfz55diBhRxmursGiUl,Big Wild,Aftergold,0
7DTlsMOQjGysXHpwwpHuPl,Rich Gang,Lifestyle,0
1D9XLqQp2YYiOxrr5KLb8K,Drake,Under Ground Kings,0
0m1KYWlT6LhFRBDVq9UNx4,Drake,HYFR (Hell Ya Fucking Right),0
6He0K0vTMdPdbweh18nnrB,Ansel Elgort,Home Alone,0
6u9cWDkxbTXaqf4GZP5MHh,Låpsley,Falling Short,0
1Zjjl59MPvGqR5msmQexs3,Dr. Dog,The Truth,0
07KMQNsSXfWJjOzFzwNWoE,Hundred Waters,Show Me Love,0
6e2K5PipTmBVk3UrXhAxB8,DJ Khaled,Take It To The Head,0
4LedC9uDxADBqr0N2Kw9cF,Tyga,Still Got It,0
7n8UWYTawkrcC1KBsY5XRc,Eminem,Beautiful,0
1VxogbO6bfygdfaCnE9oLb,Marshmello,Chasing Colors (feat. Noah Cyrus),0
06ngjaiEea4jvIcAIcxcGr,Bridgit Mendler,Ready or Not,0
2f5N826udWfjT9iomeaBJt,Matchbox Twenty,If You're Gone,0
5ONu4EF5vxDOCmBbQI6s0M,James Newton Howard,The Hanging Tree,0
6SEG8REPRG1T0kVOWTtgTw,Alexander Cardinale,Made For You,0
2eAAEa8pxKF7My0EO4rFgR,Dua Lipa,Blow Your Mind (Mwah),0
3A2OHirUAlQp2x73BJlEDA,Mike WiLL Made-It,"Perfect Pint (feat. Kendrick Lamar, Gucci Mane & Rae Sremmurd)",0
7mazffu6nlIv0rtRyPDMTD,Zedd,Find You,0
35WhawODuOs0kaHxwmPA9D,Lana Del Rey,High By The Beach,0
3nMIGUBmSu9QN6SzPLRQeg,Timeflies,Stuck With Me,0
0ytw2owVvegkIS87txqV1O,Frank Ocean,Swim Good,0
5cr5x6P4jXpDJE4KgkCdDY,Keith James,Not My Day,0
0TGTE9TEh9qzuFwmtRNICn,Bishop Briggs,River,0
1BgSJnoM44sIin6ESsZMkP,SG Lewis,Warm,0
6PyxrogMU9imKqVtKx6840,Kygo,Fragile,0
0IRdGYwoPAnu2VAAXxu1o4,Mansionair,Hold Me Down,0
1E0EOstQRm7YMhFpmDJzaB,Hermitude,The Buzz (feat. Mataya & Young Tapz),0
17YuXw2ScwLLL1sUrRKhoW,Alina Baraz,Fantasy,0
6CTYsei8EUdOwtV2443BqZ,SG Lewis,All Night,0
7ydeKIGuAdxqkp7OsWGZx6,Dream Koala,We Can't Be Friends,0
01ADMjKzsqzXYN7Ddtu1cl,Flight Facilities,Crave You,0
1sP3WrXSr0g2A0VIKfn6Uu,Alina Baraz,Maybe,0
040PVy5Qjz6z4IAvsLbXbn,Josh Groban,It Came Upon a Midnight Clear,0
4XkOcWt0C2JX1s2RXybosk,Lil Yachty,Minnesota,0
5ouEKFLJwLAZBZONV5YSJQ,Trina,Damn (feat. Tory Lanez),0
0xl1w2q4VLojeXp4JfazPL,Drake,Sacrifices,0
6Z01gUquJsjJC67uNWm6P0,Drake,Shot For Me,0
6xE3hDdo29VhAfsL7LrxcY,Kid Ink,No Strings,0
0IIdoxwlGBHhNZQkbYF3yD,Oh Wonder,Body Gold,0
3JvKfv6T31zO0ini8iNItO,Tom Odell,Another Love,0
5E30LdtzQTGqRvNd7l6kG5,The Neighbourhood,Daddy Issues,0
51c94ac31swyDQj9B3Lzs3,Deftones,Change (In the House of Flies) - In The House Of Flies LP Version,0
5KL4iZkCTZyXl7KnHgfVDj,Ed Sheeran,"You Need Me, I Don't Need You",0
6rjtB7KSIiJ6v9vrACMlqF,Lorde,400 Lux,0
7BKUWh5sdtdS17crohRe4L,Logic,Black SpiderMan,0
5wTVNpi5WDByxBgKgUE6MU,SZA,Supermodel,0
38hoUe0bZq5OYdixN0Ozki,Neck Deep,December,0
0QqHsY5aaUoZdoBF4ebe15,LFO,Summer Girls,0
0b0hbaQZnkFDOGjOUkIbUK,Ariana Grande,My Everything,0
0Hf4aIJpsN4Os2f0y0VqWl,Pitbull,Feel This Moment,0
3I09LQbHS3NSU46Ly3tPpR,Michael Bublé,Feeling Good,0
5xbuJuQsTVheVZvX2AJVIv,Max Richter,"Recomposed By Max Richter: Vivaldi, The Four Seasons: Spring 1",0
2udw7RDkldLFIPG9WYdVtT,Stevie Wonder,Sir Duke,0
1eyzqe2QqGZUmfcPZtrIyt,M83,Midnight City,0
5CPqOpKSk0QcJ3dGdaWcRB,The xx,On Hold,0
7t1lBIr3WIEtqQEOdZFMUf,Drake,Look What You've Done,0
3nxgKa7boB4WjD0X01MXtJ,PnB Rock,Misunderstood,0
4z3X794EXFeZLsaF7FEwTj,Bas,Clouds Never Get Old,0
0CSTvWUps1YmpQoXXay9ol,Florence + The Machine,Cosmic Love,0
2bBMODHVTXGwE2aZYfbgCt,Gorillaz,Ascension (feat. Vince Staples),0
3T76zPJz3tWL27FrjJe2ot,Jack White,Lazaretto,0
1ObNL9DjjNPAZkJyC8XWWU,Usher,Caught Up,0
3zyySJVPMSDF57tB7KbWlI,Gucci Mane,Members Only,0
3qQ6WFhcAx6LOH1UHz1c0U,Tyga,Hookah,0
4Tulf6yVo59f2ofSi3YUqW,Rich Chigga,Glow Like Dat,0
6Hx9gLuAKkOfoZoL79OSI1,DJ Snake,Let Me Love You - Marshmello Remix,0
0fZq7eIpfg7GHi9UOeRaaB,Wisin & Yandel,Besos Mojados,0
2cnKEkpVUSV4wnjQiTWfH6,Wisin,Escápate Conmigo,0
465Yv44Dq1kDa6gPruVMxw,William Singe,Ignition,0
5bMUqGFDXZDFCEouayAVU5,AJR,Come Hang Out,0
39ePU8X2TPdUvYXxXNdprB,Mumford & Sons,Lovers' Eyes,0
6q9o34l9jRBiICBJidG9TZ,Two Door Cinema Club,I Can Talk,0
714hERk9U1W8FMYkoC83CO,Hot Chocolate,You Sexy Thing,0
0IsjGDAqohBEdZWVoTaMjI,Steven Lee Olsen,Raised by a Good Time,0
4wM4c5ly3GR4YYgWSePlSG,Chris Brown,Back To Sleep REMIX,0
39pS70eeDvyCAF3t8NAlVV,2 Chainz,Good Drank,0
1fYypIR0kaFzaSRbzvtjl9,Tim McGraw,Indian Outlaw,0
0NLBwQBYJhEM9t3KAMPFVR,John Michael Montgomery,Sold [The Grundy County Auction Incident],0
75Vj2Or86sHJMSIte5bG7K,Brantley Gilbert,Small Town Throwdown,0
2cdApPfeTSJE4X0Z2rVlWz,Jo Dee Messina,"Heads Carolina, Tails California",0
1ndGB6rvxKYN9seCYO1dTF,Red Hot Chili Peppers,The Zephyr Song,0
1rVebRMIwmcKeKcEPc29Rw,Dustin Lynch,All Night,0
3kb38wezoUA8ki5jPYy3t5,Passion Pit,Little Secrets,0
7v1b3qExlTFrpFWrtcnUpE,Panic! At The Disco,When The Day Met The Night,0
5NzbQM6LZANeUxB3lq9nPV,Fergie,L.A.LOVE (la la),0
4LtHd4nHs1LRyFrGsU9s3v,Life of Dillon,Rocks,0
6pTDPaMcN5KSYD8hJ1uWId,Jon Bellion,Maybe IDK,0
5LbH8qnrkcd3A3VV6GNrzW,Quinn XCII,Good Friend,0
4BWBbJ9MKpnt30SFYEomzJ,Bad Meets Evil,Lighters,0
21PmKbhk8SsEgIEfDCDjvw,Azizi Gibson,Cabaret,0
7yMhyRmQGv6mSD6SkfhPeF,Jidenna,The Let Out,0
1tL89sEbJWXmqbaJKGHEeQ,MadeinTYO,Untitled,0
0swtEAC2p8JBiMMryK8Jdh,Groove Armada,At the River,0
07sTi2CXzJPcgoXjxutzbu,Hot Chip,Huarache Lights,0
1Gou62aBQaQyTgIvHjVXnT,Zoot Woman,It's Automatic,0
2OjmXOwfH7XG3oBzuv54Dw,Julia Brennan,Inner Demons,0
5ou59ERA2f7ffyAxAcZyVz,Lady Gaga,Perfect Illusion,0
1b8xyP5ojtnT430YGDWHIA,OneRepublic,All The Right Moves,0
5abwHwUhywLGNli5NDcEN7,Thomas Gold,Magic,0
1Eck97uRMlprKOOJN9oO1E,G-Eazy,Good Life (with G-Eazy & Kehlani),0
58zsLZPvfflaiIbNWoA22O,Rag'n'Bone Man,Human,0
4ya82vEkIk1HJpuPDhESOC,Redbone,Come & Get Your Love (Re-Recorded),0
69ku805AjIcFQh0IfkGohf,Toby Keith,Should've Been A Cowboy,0
0Xg68XXMRWzKQvD5S6BFvI,David Lee Murphy,Dust On The Bottle,0
1H5IfYyIIAlgDX8zguUzns,Elvis Presley,Suspicious Minds,0
2Gg61QOTrFSymprYQSoaSc,Woody Guthrie,Riding in my car (Car song),0
32xx0fAv3CIeGmNaWTHvEF,Aminé,Heebiejeebies - Bonus,0
6QHYEZlm9wyfXfEM1vSu1P,Bob Dylan,Boots of Spanish Leather,0
38paDDziQ57k1f4VfKTeGk,Billy Bragg,California Stars,0
384TqRlwlMfeUAODhXfF3O,Portugal. The Man,Tidal Wave,0
7EHmKkyAr6MZv5Y2FdZbXw,Journey,Lights,0
5heCc8CzyOHlJiRLq3AFkE,Olivver the Kid,Attica '71,0
4I3KMa9p00MJwWbT0vi5iX,Adele,One And Only,0
7AHw9SfOITU9Q7sj3V5vxV,Tim McGraw,My Next Thirty Years,0
177WEvlLsCc0FzCTWslawr,Travis Scott,outside,0
0djnjvuq3Lg71aZ3UK61D3,Phoenix,Trying To Be Cool,0
5U6ZzFbxI9AHpWUWEy8rw7,NoMBe,Freak Like Me,0
0RgcOUQg4qYAEt9RIdf3oB,"Earth, Wind & Fire",Shining Star,0
5V1QsNSEDF7YmNBhSKhE75,Rick Ross,I Think She Like Me,0
5GCrBPWKpgH4H3bLLnvWm7,Autograf,Dream,0
7qbIEBAzM8PDwtFAwZR3s5,Martin Garrix,Don't Look Down,0
4D8uIY6Wzj7dJDaw0dW0UF,Montgomery Gentry,Something to Be Proud Of,0
73hlXep4OHLx28ewDZXexh,Toby Keith,Beers Ago,0
53Dj5PCDhb22qWqmre3YQs,Chris Young,Aw Naw,0
4HEOgBHRCExyYVeTyrXsnL,Frank Sinatra,Jingle Bells - 1999 - Remaster,0
0fTFmyy8AwWHiRoDgTh80w,Bassnectar,Vava Voom,0
6g0lA3tckAh7LlkifNvN87,Machine Gun Kelly,Invincible,0
6rVujfYLm9YmdyjV5xTgsS,Hopsin,Ill Mind of Hopsin 7,0
69wXbIKtG6hzE4ID0wJTry,Thirty Seconds To Mars,Hurricane,0
5frGLNqXm99AX3AZV6H8P2,The Be Good Tanyas,In Spite Of All The Damage,0
6YfXyionSGaFOGsSBEijhO,The Head and the Heart,Let's Be Still,0
6L2Eoo8Dzx60hARXy7TCic,Dr. Dog,Heart It Races,0
0k3yajjoN6uZINmPe2uKrt,Calvin Harris,Let's Go,0
3qcjMLT05VwLyZ8BNQgXZh,Frank Sinatra,White Christmas - 1999 - Remaster,0
4QX5pZQpQTgVlkqfUTDim0,Dean Martin,Silver Bells,0
5vIu19A3EEdHgFM4Cba6F4,E-40,Choices (Yup),0
3ZpiT9OFY8BawTHDTi1Pfz,Counting Crows,Big Yellow Taxi,0
1ZozJfi8u9cO2Ob8KwiwNT,Creed,Higher,0
623FjLu3438Wk5urTsN4sS,Creed,One Last Breath,0
5v1W71KoX2qqvirnBB2zMh,Yellow Claw,Invitation (feat. Yade Lauren),0
3tvirIJWdwDQmUyKt4jYpG,Skepta,Ladies Hit Squad,0
2waLDWGLc4Q14ZVyDNrxLM,Never Shout Never,cheatercheaterbestfriendeater,0
7vVBfTvWeyuzISe5Guk6Qr,Secondhand Serenade,Your Call,0
01XFgRZfZI7oBagNf1Loml,Baauer,Harlem Shake,0
2BUJHjBlrEQWwuXKtR7Z7U,Junior Kimbrough,Meet Me in the City,0
2SpOxhOc62Cu6sx45Vx5eX,PAPA,Ain't It So,0
1nvBoPz0o0Y5WYT5aaoSKZ,Joe Goddard,Taking Over,0
4bhTJfVPynHxot7dlVNgq7,Nathaniel Rateliff & The Night Sweats,I Need Never Get Old,0
0HMjXBAZmSYOTTi33WpMso,One Direction,History,0
7BaDRi8gmRnOducT6KaOfc,The Arcs,Put a Flower in Your Pocket,0
1QsILO369FaBdl6V9YNFGl,Fetty Wap,D.A.M.,0
75xgoXAGed7jiNDdV8TNOe,Sia,Big Girls Cry,0
6dpKQiQzZE2r9rZVWeLGom,Far East Movement,Live My Life,0
6VMT3SzIMbNoR5lsUsniQY,Skillet,Stars,0
2dlxN435ZY9ruxGYND2Hq0,Anika Noni Rose,Almost There,0
0iEEDY73hQFa6Ms5KWFQqM,Pearl Jam,Just Breathe,0
7tMS60qyTwG43P51pmr8gI,Bastille,Torn Apart (Bastille Vs. GRADES),0
2yNWwardt8VzlpNBWrGYD6,Stevie Wonder,For Once In My Life,0
4UNpjLezzEtPXqkm5d09M8,Bebe Rexha,Gone,0
6luhvKibJJNM4P64RLNwgg,Jon Bellion,Carry Your Throne,0
7udsBKuqnJ5csWTAkR0vEI,Drake,We'll Be Fine,0
7KcGEssn7BnJdTgildK5y0,Nicki Minaj,No Frauds,0
67ECoCqwmo16mC52b1S7N9,Dagny,Backbeat,0
3r9bgSJlJz2zlevcBRYXko,B.o.B,Both Of Us (feat. Taylor Swift) - feat. Taylor Swift,0
1AM5ftPFKksvmjayu2bmnP,Sarah McMillan,King Of My Heart - Live,0
2NcIzHF5abrURe1IPldnD0,Lukas Graham,You're Not There,0
2kEpNkZOPdKQbQS65mmEn5,Local Natives,Past Lives,0
6Jq1ECQ8bKy8favqanidGT,Chairlift,Polymorphing,0
6NoVGd3nTHsmBV1yduWRta,Two Door Cinema Club,Bad Decisions,0
06ClI3XK2FPR5uP8tPcFS1,Kings of Leon,Around The World,0
77dcKrzRUI02XjHd2okARp,"Hank Williams, Jr.",A Country Boy Can Survive,0
0qEFmBL2k8pb2OWgW490X8,Pentatonix,White Winter Hymnal,0
3IFdgovo2BeNChD2DWBh7H,Tony Bennett,Silver Bells,0
1Co1RNm1i1RL9v1VeShNO3,Robyn,Dancing On My Own,0
5snEgy8RMnkJZqfwqD6svi,Miles Davis,Concierto de Aranjuez: Adagio,0
4ZPdnqOaT0kkrsl9ppWc1V,Bebe Rexha,I Can't Stop Drinking About You,0
10fRfvMo6WCO9Gaawxy2U9,ABBA,Waterloo,0
1UGV8pUOgnKafhnbPMuMYz,The Postal Service,Such Great Heights (Performed by Iron & Wine) - Remastered,0
3fJ1I1XNSSs7BcLkOxSCUp,Marvin Sapp,Praise Him In Advance,0
6bXOlIfGIWh7Tyn4oyvLQW,Kanye West,I Wonder,0
6bM3GKo47KVgvj3gHdWS0U,Logic,Like Woah,0
5URYXSFGks9Q8eYePlgVdL,Joey Bada$$,FOR MY PEOPLE,0
0827eActpDYORuhgvWB0oY,Alicia Keys,Brand New Me,0
4qbucOk69GoJdBCWFfHPhk,Alicia Keys,Limitedless,0
6OVsn2uURKTLIguCDxgNWS,Francois Mulder,Break the Silence,0
0pKcq6guxdsiICZGZ20YCu,KINGDM,Can't Get Over You,0
5yNgdD8E6WruhULb4n2Con,Frank Sinatra,Silent Night - 1999 - Remaster,0
2cmRpmO04TLaKPzmAzySYZ,LCD Soundsystem,Dance Yrself Clean,0
1AVohojLA72gG8tczt8K5H,Brooks & Dunn,How Long Gone,0
0lnBU6WuTCkQGiQLOa6rZ4,Miike Snow,Paddling Out,0
5Ishho8v0RByxxF9qmLc27,Gold Panda,Police,0
2YxoC2dYOotjqt08dEifsc,Boards of Canada,Chromakey Dreamcoat,0
6pxWghcPKRSjZPj8Ba9vpB,Boards of Canada,Satellite Anthem Icarus,0
2HHAxkrJbuWZ7JWdxYbsWO,Boards of Canada,Peacock Tail,0
4Y2W4zKa3q72ztbkA0r8Va,Boards of Canada,Dayvan Cowboy,0
6OzOsP5Ftn3osfuCvSxnYr,Boards of Canada,A Moment Of Clarity,0
7LdfKO6BWufPr8ItB9uMMz,Boards of Canada,84 Pontiac Dream,0
3t2n91JYKy4oDgjIRCKHjI,Boards of Canada,Sherbet Head,0
3NFvPiE8u70nJymhP17Orx,Boards of Canada,Ataronchronon,0
5D7jl5qqynjNZZEiy4KQ2b,Boards of Canada,Hey Saturday Sun,0
0R67ZmPPWTEX5jgM8dvia7,Sam Hunt,Raised On It,0
5xpmdbQcfIOsE1hACcC3UK,Big Sean,Marvin & Chardonnay,0
5OI48E8HqkN8fnTOu3Hfuf,Wiz Khalifa,Medicated - feat. Chevy Woods & Juicy J,0
1POGnQmq4GcPCTzQB26JMn,SBTRKT,NEW DORP. NEW YORK,0
0CaHZUniQtDRZleX6XK9p7,Chromeo,Jealous (I Ain't With It),0
0xIVvRmjztR1AwuHrkhH41,Avicii,Addicted To You,0
1jqB1YzZaDrxYKaFqTDLUe,Danny Brown,Grown Up,0
1KqvRRQd3lfM0pAlkGPrgD,Ed Sheeran,Shape of You (Major Lazer Remix) [feat. Nyla & Kranium],0
1vVNlXi8gf8tZ7OhnEs4VE,French Montana,A Lie,0
0lPqJg8dwgstNRBjY6X3Fx,Big Boi,Kill Jill,0
3v6NuKeDbFbaq1lNjw3XtR,Andrew Bird,Pulaski at Night,0
7LzXkfxJxAtrIab9d8bXHS,Andrew Bird,Desperation Breeds…,0
7ncq5okSvRW9uwOkSkZP2c,Andrew Bird,Measuring Cups,0
4FPrAERfkPKOBKrRoyuxLu,Michael Bublé,Cold December Night,0
3tAg5SGPaQmXuLdYlsp7QI,Michael Bublé,Ave Maria,0
537FQYGUcu4SgCCasIhh4f,K CAMP,Till I Die,0
1rwvcsAKtqUK4aNffC0nvU,James Blake,Life Round Here,0
1Q3Tp2ywl83yRlzegL8JKQ,SOJA,I Don't Wanna Wait,0
7tHKjzBYfMZvprnfyHcOK0,Christophe Beck,Vuelie,0
1pLdjo3lOBbMaoR4ZpybFH,Ciara,Promise,0
0MRuDaaklRKJYERVgnVWtf,Band of Horses,No One's Gonna Love You,0
7o7CXsKgDXhxbSMrqGVSd0,Mumford & Sons,Hopeless Wanderer,0
164x73EfS67eCWhm2MvHgP,Antena,Camino del Sol,0
6aXonxYwurUI6ThzBiOQKy,Everclear,Annabella's Song,0
63knvuoSPpfzIwdDuWRSoV,Celia Cruz,Rie y Llora,0
5OusUgzHz6Ulb3GZT7WUo5,Rodney Atkins,Watching You,0
15bIuGUsLwF0gxI48HKoEd,Kip Moore,I'm To Blame,0
6L7CjMm9gJNn8Ze62bRk3g,The Archies,Sugar Sugar,0
65Ret6lVxyaLziTteSwnva,Sisyphus,Take Me,0
61QkubO5ny4DtTFoOaIRGg,18 Carat Affair,Desire,0
3xTzjPkat03Zb9HPFeCMy5,Phil Gerus,Don't Kiss Me While I'm Swimming,0
5nIu0VwPOsjkF61zfevLKh,Kanye West,Hold My Liquor,0
3QvOV1QYPPre7gjppKyeON,Joe Diffie,Pickup Man,0
6KRpJT14N5lvLP6zo1QPoB,Gavin DeGraw,Sweeter,0
3P3vYTeOuaBaBvonNbtTNx,Alan Jackson,"Tall, Tall Trees",0
26J61MmE6YCWqIyROZdEgL,Tracy Byrd,Ten Rounds with Jose Cuervo - Recall Mix,0
2ulBBx6YQ3qY3ci34RadtN,Trisha Yearwood,She's In Love With The Boy - Single Version,0
65N3RYCN1DgfY0Zcv5k9kr,Tim McGraw,Down On The Farm,0
5Pgwi0iizu96RHxJ4xL3SH,Deana Carter,Strawberry Wine,0
0FtV0YbnnjD7PXpLHFHPhn,Reba McEntire,Fancy,0
5rQcDgz44osyj2rdtuOmPl,Clint Black,Like The Rain,0
0MjT9xQqJrQlNrkWKZgFbQ,Jo Dee Messina,I'm Alright,0
7rDcULv8vV16vetBjPJhuE,Toby Keith,How Do You Like Me Now?!,0
15cGdiAHmezm0P04jVAjMo,John Michael Montgomery,Letters From Home,0
4e4vO6bp5nSdP9G79O3qS6,Chris Cagle,Miss Me Baby,0
2073QOEC8rBtSyTsRyaWiP,LCD Soundsystem,I Can Change,0
4qmHeQBYieqj3VMAPascsE,Eric Clapton,Wonderful Tonight,0
43tUtj6cBk1owPFUxlohgE,Alice Boman,Be Mine,0
5w6TVvv71F8px5cObg2xnx,Owl City,Good Time,0
5ztQHTm1YQqcTkQmgDEU4n,ABBA,Mamma Mia,0
1TKLOsv9iFmYqHlAZ9KqYT,Daley,Alone Together,0
4X5ixHJ734x1qzb3CrtuKN,Chrisette Michele,Is This The Way Love Feels,0
5NeIONQWJ25uPylJBJiO4c,Stone Sour,Through Glass,0
01MO5Ib9mCG7srUhZl52BA,The Growlers,Going Gets Tough,0
16QN8cBubEq706vNtPpOME,Kelly Clarkson,Love So Soft,0
3hww6gm2UvMGim9inNmw58,Michael Bublé,Michael's Christmas Greeting,0
5QcMK16eM6GgxlkzaxkQE5,Lemaitre,Playing To Lose,0
1V2K6ftpUhL9sLEoceuzoY,Gavin DeGraw,She Sets The City On Fire,0
703KxRua8b81baRowcnzRP,Emeli Sandé,Next To Me,0
2Qf9SQ83Gmf9GQSxPjQh1O,Sylvan Esso,Hey Mami,0
2eQQ7YHhROyqSPiMrTOuum,Randy Houser,Like a Cowboy,0
2AGUFka8kBWCM47h5uTlDb,Travis Scott,lose,0
2Zy7XVdxyZQB8xp5xbpJdl,Travis Scott,way back,0
319WTcspJN65Lb27fVbjkc,Bassnectar,Butterfly,0
7vldwy3gdhmPRKWSCi8H61,Justin Bieber,The Feeling,0
3vYQTgxQWWM4VIDHi7qhQ5,Thompson Square,Everything I Shouldn't Be Thinking About,0
2sBHQfX9QxJwGcdutAj6Pj,Meek Mill,Wins & Losses,0
7sLDnUauivS2vN6Z9EfUJT,Meek Mill,1942 Flows,0
3xEqegrcyQtfhWeEMnDyCG,RAC,Hollywood,0
6Kbu55LHFZHjF2nRXVWOrd,Tyga,Far Away,0
